id,year,rate_key,country_name,location_name,full_day,partial_day,overnight,source_url,active
bmf_2025_001,2025,DE,Deutschland,,28,14,20,https://www.bundesfinanzministerium.de/Content/DE/Downloads/BMF_Schreiben/Steuerarten/Lohnsteuer/2024-12-02-steuerliche-behandlung-reisekosten-2025.pdf,True
bmf_2025_002,2025,AFGHANISTAN,Afghanistan,,30,20,95,https://www.bundesfinanzministerium.de/Content/DE/Downloads/BMF_Schreiben/Steuerarten/Lohnsteuer/2024-12-02-steuerliche-behandlung-reisekosten-2025.pdf,True
bmf_2025_003,2025,AGYPTEN,Ägypten,,50,33,112,https://www.bundesfinanzministerium.de/Content/DE/Downloads/BMF_Schreiben/Steuerarten/Lohnsteuer/2024-12-02-steuerliche-behandlung-reisekosten-2025.pdf,True
bmf_2025_004,2025,ATHIOPIEN,Äthiopien,,44,29,159,https://www.bundesfinanzministerium.de/Content/DE/Downloads/BMF_Schreiben/Steuerarten/Lohnsteuer/2024-12-02-steuerliche-behandlung-reisekosten-2025.pdf,True
bmf_2025_005,2025,AQUATORIALGUINEA,Äquatorialguinea,,42,28,166,https://www.bundesfinanzministerium.de/Content/DE/Downloads/BMF_Schreiben/Steuerarten/Lohnsteuer/2024-12-02-steuerliche-behandlung-reisekosten-2025.pdf,True
bmf_2025_006,2025,ALBANIEN,Albanien,,27,18,112,https://www.bundesfinanzministerium.de/Content/DE/Downloads/BMF_Schreiben/Steuerarten/Lohnsteuer/2024-12-02-steuerliche-behandlung-reisekosten-2025.pdf,True
bmf_2025_007,2025,ALGERIEN,Algerien,,47,32,120,https://www.bundesfinanzministerium.de/Content/DE/Downloads/BMF_Schreiben/Steuerarten/Lohnsteuer/2024-12-02-steuerliche-behandlung-reisekosten-2025.pdf,True
bmf_2025_008,2025,ANDORRA,Andorra,,41,28,91,https://www.bundesfinanzministerium.de/Content/DE/Downloads/BMF_Schreiben/Steuerarten/Lohnsteuer/2024-12-02-steuerliche-behandlung-reisekosten-2025.pdf,True
bmf_2025_009,2025,ANGOLA,Angola,,40,27,368,https://www.bundesfinanzministerium.de/Content/DE/Downloads/BMF_Schreiben/Steuerarten/Lohnsteuer/2024-12-02-steuerliche-behandlung-reisekosten-2025.pdf,True
bmf_2025_010,2025,ARGENTINIEN,Argentinien,,35,24,113,https://www.bundesfinanzministerium.de/Content/DE/Downloads/BMF_Schreiben/Steuerarten/Lohnsteuer/2024-12-02-steuerliche-behandlung-reisekosten-2025.pdf,True
bmf_2025_011,2025,ARMENIEN,Armenien,,29,20,107,https://www.bundesfinanzministerium.de/Content/DE/Downloads/BMF_Schreiben/Steuerarten/Lohnsteuer/2024-12-02-steuerliche-behandlung-reisekosten-2025.pdf,True
bmf_2025_012,2025,ASERBAIDSCHAN,Aserbaidschan,,44,29,88,https://www.bundesfinanzministerium.de/Content/DE/Downloads/BMF_Schreiben/Steuerarten/Lohnsteuer/2024-12-02-steuerliche-behandlung-reisekosten-2025.pdf,True
bmf_2025_013,2025,AUSTRALIEN:CANBERRA,Australien,Canberra,74,49,186,https://www.bundesfinanzministerium.de/Content/DE/Downloads/BMF_Schreiben/Steuerarten/Lohnsteuer/2024-12-02-steuerliche-behandlung-reisekosten-2025.pdf,True
bmf_2025_014,2025,AUSTRALIEN:SYDNEY,Australien,Sydney,57,38,173,https://www.bundesfinanzministerium.de/Content/DE/Downloads/BMF_Schreiben/Steuerarten/Lohnsteuer/2024-12-02-steuerliche-behandlung-reisekosten-2025.pdf,True
bmf_2025_015,2025,AUSTRALIEN,Australien,im Übrigen,57,38,173,https://www.bundesfinanzministerium.de/Content/DE/Downloads/BMF_Schreiben/Steuerarten/Lohnsteuer/2024-12-02-steuerliche-behandlung-reisekosten-2025.pdf,True
bmf_2025_016,2025,BAHRAIN,Bahrain,,48,32,153,https://www.bundesfinanzministerium.de/Content/DE/Downloads/BMF_Schreiben/Steuerarten/Lohnsteuer/2024-12-02-steuerliche-behandlung-reisekosten-2025.pdf,True
bmf_2025_017,2025,BANGLADESCH,Bangladesch,,46,31,189,https://www.bundesfinanzministerium.de/Content/DE/Downloads/BMF_Schreiben/Steuerarten/Lohnsteuer/2024-12-02-steuerliche-behandlung-reisekosten-2025.pdf,True
bmf_2025_018,2025,BARBADOS,Barbados,,54,36,206,https://www.bundesfinanzministerium.de/Content/DE/Downloads/BMF_Schreiben/Steuerarten/Lohnsteuer/2024-12-02-steuerliche-behandlung-reisekosten-2025.pdf,True
bmf_2025_019,2025,BELGIEN,Belgien,,59,40,141,https://www.bundesfinanzministerium.de/Content/DE/Downloads/BMF_Schreiben/Steuerarten/Lohnsteuer/2024-12-02-steuerliche-behandlung-reisekosten-2025.pdf,True
bmf_2025_020,2025,BENIN,Benin,,40,27,168,https://www.bundesfinanzministerium.de/Content/DE/Downloads/BMF_Schreiben/Steuerarten/Lohnsteuer/2024-12-02-steuerliche-behandlung-reisekosten-2025.pdf,True
bmf_2025_021,2025,BHUTAN,Bhutan,,27,18,176,https://www.bundesfinanzministerium.de/Content/DE/Downloads/BMF_Schreiben/Steuerarten/Lohnsteuer/2024-12-02-steuerliche-behandlung-reisekosten-2025.pdf,True
bmf_2025_022,2025,BOLIVIEN,Bolivien,,46,31,108,https://www.bundesfinanzministerium.de/Content/DE/Downloads/BMF_Schreiben/Steuerarten/Lohnsteuer/2024-12-02-steuerliche-behandlung-reisekosten-2025.pdf,True
bmf_2025_023,2025,BOSNIEN_UND_HERZEGOWINA,Bosnien und Herzegowina,,23,16,75,https://www.bundesfinanzministerium.de/Content/DE/Downloads/BMF_Schreiben/Steuerarten/Lohnsteuer/2024-12-02-steuerliche-behandlung-reisekosten-2025.pdf,True
bmf_2025_024,2025,BOTSUANA,Botsuana,,46,31,176,https://www.bundesfinanzministerium.de/Content/DE/Downloads/BMF_Schreiben/Steuerarten/Lohnsteuer/2024-12-02-steuerliche-behandlung-reisekosten-2025.pdf,True
bmf_2025_025,2025,BRASILIEN:BRASILIA,Brasilien,Brasilia,51,34,88,https://www.bundesfinanzministerium.de/Content/DE/Downloads/BMF_Schreiben/Steuerarten/Lohnsteuer/2024-12-02-steuerliche-behandlung-reisekosten-2025.pdf,True
bmf_2025_026,2025,BRASILIEN:RIO_DE_JANEIRO,Brasilien,Rio de Janeiro,69,46,140,https://www.bundesfinanzministerium.de/Content/DE/Downloads/BMF_Schreiben/Steuerarten/Lohnsteuer/2024-12-02-steuerliche-behandlung-reisekosten-2025.pdf,True
bmf_2025_027,2025,BRASILIEN:SAO_PAULO,Brasilien,Sao Paulo,46,31,151,https://www.bundesfinanzministerium.de/Content/DE/Downloads/BMF_Schreiben/Steuerarten/Lohnsteuer/2024-12-02-steuerliche-behandlung-reisekosten-2025.pdf,True
bmf_2025_028,2025,BRASILIEN,Brasilien,im Übrigen,46,31,88,https://www.bundesfinanzministerium.de/Content/DE/Downloads/BMF_Schreiben/Steuerarten/Lohnsteuer/2024-12-02-steuerliche-behandlung-reisekosten-2025.pdf,True
bmf_2025_029,2025,BRUNEI,Brunei,,45,30,110,https://www.bundesfinanzministerium.de/Content/DE/Downloads/BMF_Schreiben/Steuerarten/Lohnsteuer/2024-12-02-steuerliche-behandlung-reisekosten-2025.pdf,True
bmf_2025_030,2025,BULGARIEN,Bulgarien,,22,15,115,https://www.bundesfinanzministerium.de/Content/DE/Downloads/BMF_Schreiben/Steuerarten/Lohnsteuer/2024-12-02-steuerliche-behandlung-reisekosten-2025.pdf,True
bmf_2025_031,2025,BURKINA_FASO,Burkina Faso,,38,25,174,https://www.bundesfinanzministerium.de/Content/DE/Downloads/BMF_Schreiben/Steuerarten/Lohnsteuer/2024-12-02-steuerliche-behandlung-reisekosten-2025.pdf,True
bmf_2025_032,2025,BURUNDI,Burundi,,36,24,138,https://www.bundesfinanzministerium.de/Content/DE/Downloads/BMF_Schreiben/Steuerarten/Lohnsteuer/2024-12-02-steuerliche-behandlung-reisekosten-2025.pdf,True
bmf_2025_033,2025,CHILE,Chile,,44,29,154,https://www.bundesfinanzministerium.de/Content/DE/Downloads/BMF_Schreiben/Steuerarten/Lohnsteuer/2024-12-02-steuerliche-behandlung-reisekosten-2025.pdf,True
bmf_2025_034,2025,CN:CHENGDU,China,Chengdu,41,28,131,https://www.bundesfinanzministerium.de/Content/DE/Downloads/BMF_Schreiben/Steuerarten/Lohnsteuer/2024-12-02-steuerliche-behandlung-reisekosten-2025.pdf,True
bmf_2025_035,2025,CN:HONGKONG,China,Hongkong,71,48,169,https://www.bundesfinanzministerium.de/Content/DE/Downloads/BMF_Schreiben/Steuerarten/Lohnsteuer/2024-12-02-steuerliche-behandlung-reisekosten-2025.pdf,True
bmf_2025_036,2025,CN:KANTON,China,Kanton,36,24,150,https://www.bundesfinanzministerium.de/Content/DE/Downloads/BMF_Schreiben/Steuerarten/Lohnsteuer/2024-12-02-steuerliche-behandlung-reisekosten-2025.pdf,True
bmf_2025_037,2025,CN:PEKING,China,Peking,30,20,185,https://www.bundesfinanzministerium.de/Content/DE/Downloads/BMF_Schreiben/Steuerarten/Lohnsteuer/2024-12-02-steuerliche-behandlung-reisekosten-2025.pdf,True
bmf_2025_038,2025,CN:SHANGHAI,China,Shanghai,58,39,217,https://www.bundesfinanzministerium.de/Content/DE/Downloads/BMF_Schreiben/Steuerarten/Lohnsteuer/2024-12-02-steuerliche-behandlung-reisekosten-2025.pdf,True
bmf_2025_039,2025,CN,China,im Übrigen,48,32,112,https://www.bundesfinanzministerium.de/Content/DE/Downloads/BMF_Schreiben/Steuerarten/Lohnsteuer/2024-12-02-steuerliche-behandlung-reisekosten-2025.pdf,True
bmf_2025_040,2025,COSTA_RICA,Costa Rica,,60,40,127,https://www.bundesfinanzministerium.de/Content/DE/Downloads/BMF_Schreiben/Steuerarten/Lohnsteuer/2024-12-02-steuerliche-behandlung-reisekosten-2025.pdf,True
bmf_2025_041,2025,COTE_DIVOIRE,Côte d’Ivoire,,59,40,166,https://www.bundesfinanzministerium.de/Content/DE/Downloads/BMF_Schreiben/Steuerarten/Lohnsteuer/2024-12-02-steuerliche-behandlung-reisekosten-2025.pdf,True
bmf_2025_042,2025,DANEMARK,Dänemark,,75,50,183,https://www.bundesfinanzministerium.de/Content/DE/Downloads/BMF_Schreiben/Steuerarten/Lohnsteuer/2024-12-02-steuerliche-behandlung-reisekosten-2025.pdf,True
bmf_2025_043,2025,DOMINIKANISCHE_REPUBLIK,Dominikanische Republik,,50,33,167,https://www.bundesfinanzministerium.de/Content/DE/Downloads/BMF_Schreiben/Steuerarten/Lohnsteuer/2024-12-02-steuerliche-behandlung-reisekosten-2025.pdf,True
bmf_2025_044,2025,DSCHIBUTI,Dschibuti,,77,52,255,https://www.bundesfinanzministerium.de/Content/DE/Downloads/BMF_Schreiben/Steuerarten/Lohnsteuer/2024-12-02-steuerliche-behandlung-reisekosten-2025.pdf,True
bmf_2025_045,2025,ECUADOR,Ecuador,,27,18,103,https://www.bundesfinanzministerium.de/Content/DE/Downloads/BMF_Schreiben/Steuerarten/Lohnsteuer/2024-12-02-steuerliche-behandlung-reisekosten-2025.pdf,True
bmf_2025_046,2025,EL_SALVADOR,El Salvador,,65,44,161,https://www.bundesfinanzministerium.de/Content/DE/Downloads/BMF_Schreiben/Steuerarten/Lohnsteuer/2024-12-02-steuerliche-behandlung-reisekosten-2025.pdf,True
bmf_2025_047,2025,ERITREA,Eritrea,,46,31,78,https://www.bundesfinanzministerium.de/Content/DE/Downloads/BMF_Schreiben/Steuerarten/Lohnsteuer/2024-12-02-steuerliche-behandlung-reisekosten-2025.pdf,True
bmf_2025_048,2025,ESTLAND,Estland,,29,20,85,https://www.bundesfinanzministerium.de/Content/DE/Downloads/BMF_Schreiben/Steuerarten/Lohnsteuer/2024-12-02-steuerliche-behandlung-reisekosten-2025.pdf,True
bmf_2025_049,2025,FIDSCHI,Fidschi,,32,21,183,https://www.bundesfinanzministerium.de/Content/DE/Downloads/BMF_Schreiben/Steuerarten/Lohnsteuer/2024-12-02-steuerliche-behandlung-reisekosten-2025.pdf,True
bmf_2025_050,2025,FINNLAND,Finnland,,54,36,171,https://www.bundesfinanzministerium.de/Content/DE/Downloads/BMF_Schreiben/Steuerarten/Lohnsteuer/2024-12-02-steuerliche-behandlung-reisekosten-2025.pdf,True
bmf_2025_051,2025,FR:PARIS_SOWIE_DIE_DEPARTMENTS_77_78_91_BIS_95,Frankreich,"Paris sowie die Departments 77, 78, 91 bis 95",58,39,159,https://www.bundesfinanzministerium.de/Content/DE/Downloads/BMF_Schreiben/Steuerarten/Lohnsteuer/2024-12-02-steuerliche-behandlung-reisekosten-2025.pdf,True
bmf_2025_052,2025,FR,Frankreich,im Übrigen,53,36,105,https://www.bundesfinanzministerium.de/Content/DE/Downloads/BMF_Schreiben/Steuerarten/Lohnsteuer/2024-12-02-steuerliche-behandlung-reisekosten-2025.pdf,True
bmf_2025_053,2025,GABUN,Gabun,,64,43,263,https://www.bundesfinanzministerium.de/Content/DE/Downloads/BMF_Schreiben/Steuerarten/Lohnsteuer/2024-12-02-steuerliche-behandlung-reisekosten-2025.pdf,True
bmf_2025_054,2025,GAMBIA,Gambia,,40,27,161,https://www.bundesfinanzministerium.de/Content/DE/Downloads/BMF_Schreiben/Steuerarten/Lohnsteuer/2024-12-02-steuerliche-behandlung-reisekosten-2025.pdf,True
bmf_2025_055,2025,GEORGIEN,Georgien,,45,30,87,https://www.bundesfinanzministerium.de/Content/DE/Downloads/BMF_Schreiben/Steuerarten/Lohnsteuer/2024-12-02-steuerliche-behandlung-reisekosten-2025.pdf,True
bmf_2025_056,2025,GHANA,Ghana,,46,31,203,https://www.bundesfinanzministerium.de/Content/DE/Downloads/BMF_Schreiben/Steuerarten/Lohnsteuer/2024-12-02-steuerliche-behandlung-reisekosten-2025.pdf,True
bmf_2025_057,2025,GRIECHENLAND:ATHEN,Griechenland,Athen,40,27,139,https://www.bundesfinanzministerium.de/Content/DE/Downloads/BMF_Schreiben/Steuerarten/Lohnsteuer/2024-12-02-steuerliche-behandlung-reisekosten-2025.pdf,True
bmf_2025_058,2025,GRIECHENLAND,Griechenland,im Übrigen,36,24,150,https://www.bundesfinanzministerium.de/Content/DE/Downloads/BMF_Schreiben/Steuerarten/Lohnsteuer/2024-12-02-steuerliche-behandlung-reisekosten-2025.pdf,True
bmf_2025_059,2025,GUATEMALA,Guatemala,,46,31,124,https://www.bundesfinanzministerium.de/Content/DE/Downloads/BMF_Schreiben/Steuerarten/Lohnsteuer/2024-12-02-steuerliche-behandlung-reisekosten-2025.pdf,True
bmf_2025_060,2025,GUINEA,Guinea,,59,40,140,https://www.bundesfinanzministerium.de/Content/DE/Downloads/BMF_Schreiben/Steuerarten/Lohnsteuer/2024-12-02-steuerliche-behandlung-reisekosten-2025.pdf,True
bmf_2025_061,2025,GUINEA_BISSAU,Guinea-Bissau,,32,21,113,https://www.bundesfinanzministerium.de/Content/DE/Downloads/BMF_Schreiben/Steuerarten/Lohnsteuer/2024-12-02-steuerliche-behandlung-reisekosten-2025.pdf,True
bmf_2025_062,2025,HAITI,Haiti,,58,39,130,https://www.bundesfinanzministerium.de/Content/DE/Downloads/BMF_Schreiben/Steuerarten/Lohnsteuer/2024-12-02-steuerliche-behandlung-reisekosten-2025.pdf,True
bmf_2025_063,2025,HONDURAS,Honduras,,57,38,198,https://www.bundesfinanzministerium.de/Content/DE/Downloads/BMF_Schreiben/Steuerarten/Lohnsteuer/2024-12-02-steuerliche-behandlung-reisekosten-2025.pdf,True
bmf_2025_064,2025,INDIEN:BANGALORE,Indien,Bangalore,42,28,155,https://www.bundesfinanzministerium.de/Content/DE/Downloads/BMF_Schreiben/Steuerarten/Lohnsteuer/2024-12-02-steuerliche-behandlung-reisekosten-2025.pdf,True
bmf_2025_065,2025,INDIEN:CHENNAI,Indien,Chennai,22,15,80,https://www.bundesfinanzministerium.de/Content/DE/Downloads/BMF_Schreiben/Steuerarten/Lohnsteuer/2024-12-02-steuerliche-behandlung-reisekosten-2025.pdf,True
bmf_2025_066,2025,INDIEN:KALKUTTA,Indien,Kalkutta,32,21,167,https://www.bundesfinanzministerium.de/Content/DE/Downloads/BMF_Schreiben/Steuerarten/Lohnsteuer/2024-12-02-steuerliche-behandlung-reisekosten-2025.pdf,True
bmf_2025_067,2025,INDIEN:MUMBAI,Indien,Mumbai,53,36,218,https://www.bundesfinanzministerium.de/Content/DE/Downloads/BMF_Schreiben/Steuerarten/Lohnsteuer/2024-12-02-steuerliche-behandlung-reisekosten-2025.pdf,True
bmf_2025_068,2025,INDIEN:NEU_DELHI,Indien,Neu Delhi,46,31,211,https://www.bundesfinanzministerium.de/Content/DE/Downloads/BMF_Schreiben/Steuerarten/Lohnsteuer/2024-12-02-steuerliche-behandlung-reisekosten-2025.pdf,True
bmf_2025_069,2025,INDIEN,Indien,im Übrigen,22,15,80,https://www.bundesfinanzministerium.de/Content/DE/Downloads/BMF_Schreiben/Steuerarten/Lohnsteuer/2024-12-02-steuerliche-behandlung-reisekosten-2025.pdf,True
bmf_2025_070,2025,INDONESIEN,Indonesien,,45,30,179,https://www.bundesfinanzministerium.de/Content/DE/Downloads/BMF_Schreiben/Steuerarten/Lohnsteuer/2024-12-02-steuerliche-behandlung-reisekosten-2025.pdf,True
bmf_2025_071,2025,IRAN,Iran,,33,22,196,https://www.bundesfinanzministerium.de/Content/DE/Downloads/BMF_Schreiben/Steuerarten/Lohnsteuer/2024-12-02-steuerliche-behandlung-reisekosten-2025.pdf,True
bmf_2025_072,2025,IRLAND,Irland,,58,39,129,https://www.bundesfinanzministerium.de/Content/DE/Downloads/BMF_Schreiben/Steuerarten/Lohnsteuer/2024-12-02-steuerliche-behandlung-reisekosten-2025.pdf,True
bmf_2025_073,2025,ISLAND,Island,,62,41,187,https://www.bundesfinanzministerium.de/Content/DE/Downloads/BMF_Schreiben/Steuerarten/Lohnsteuer/2024-12-02-steuerliche-behandlung-reisekosten-2025.pdf,True
bmf_2025_074,2025,ISRAEL,Israel,,66,44,190,https://www.bundesfinanzministerium.de/Content/DE/Downloads/BMF_Schreiben/Steuerarten/Lohnsteuer/2024-12-02-steuerliche-behandlung-reisekosten-2025.pdf,True
bmf_2025_075,2025,IT:MAILAND,Italien,Mailand,42,28,191,https://www.bundesfinanzministerium.de/Content/DE/Downloads/BMF_Schreiben/Steuerarten/Lohnsteuer/2024-12-02-steuerliche-behandlung-reisekosten-2025.pdf,True
bmf_2025_076,2025,IT:ROM,Italien,Rom,48,32,150,https://www.bundesfinanzministerium.de/Content/DE/Downloads/BMF_Schreiben/Steuerarten/Lohnsteuer/2024-12-02-steuerliche-behandlung-reisekosten-2025.pdf,True
bmf_2025_077,2025,IT,Italien,im Übrigen,42,28,150,https://www.bundesfinanzministerium.de/Content/DE/Downloads/BMF_Schreiben/Steuerarten/Lohnsteuer/2024-12-02-steuerliche-behandlung-reisekosten-2025.pdf,True
bmf_2025_078,2025,JAMAIKA,Jamaika,,39,26,171,https://www.bundesfinanzministerium.de/Content/DE/Downloads/BMF_Schreiben/Steuerarten/Lohnsteuer/2024-12-02-steuerliche-behandlung-reisekosten-2025.pdf,True
bmf_2025_079,2025,JAPAN:TOKIO,Japan,Tokio,50,33,285,https://www.bundesfinanzministerium.de/Content/DE/Downloads/BMF_Schreiben/Steuerarten/Lohnsteuer/2024-12-02-steuerliche-behandlung-reisekosten-2025.pdf,True
bmf_2025_080,2025,JAPAN:OSAKA,Japan,Osaka,33,22,141,https://www.bundesfinanzministerium.de/Content/DE/Downloads/BMF_Schreiben/Steuerarten/Lohnsteuer/2024-12-02-steuerliche-behandlung-reisekosten-2025.pdf,True
bmf_2025_081,2025,JAPAN,Japan,im Übrigen,33,22,141,https://www.bundesfinanzministerium.de/Content/DE/Downloads/BMF_Schreiben/Steuerarten/Lohnsteuer/2024-12-02-steuerliche-behandlung-reisekosten-2025.pdf,True
bmf_2025_082,2025,JEMEN,Jemen,,24,16,95,https://www.bundesfinanzministerium.de/Content/DE/Downloads/BMF_Schreiben/Steuerarten/Lohnsteuer/2024-12-02-steuerliche-behandlung-reisekosten-2025.pdf,True
bmf_2025_083,2025,JORDANIEN,Jordanien,,57,38,134,https://www.bundesfinanzministerium.de/Content/DE/Downloads/BMF_Schreiben/Steuerarten/Lohnsteuer/2024-12-02-steuerliche-behandlung-reisekosten-2025.pdf,True
bmf_2025_084,2025,KAMBODSCHA,Kambodscha,,42,28,108,https://www.bundesfinanzministerium.de/Content/DE/Downloads/BMF_Schreiben/Steuerarten/Lohnsteuer/2024-12-02-steuerliche-behandlung-reisekosten-2025.pdf,True
bmf_2025_085,2025,KAMERUN,Kamerun,,56,37,275,https://www.bundesfinanzministerium.de/Content/DE/Downloads/BMF_Schreiben/Steuerarten/Lohnsteuer/2024-12-02-steuerliche-behandlung-reisekosten-2025.pdf,True
bmf_2025_086,2025,KANADA:OTTAWA,Kanada,Ottawa,62,41,214,https://www.bundesfinanzministerium.de/Content/DE/Downloads/BMF_Schreiben/Steuerarten/Lohnsteuer/2024-12-02-steuerliche-behandlung-reisekosten-2025.pdf,True
bmf_2025_087,2025,KANADA:TORONTO,Kanada,Toronto,54,36,392,https://www.bundesfinanzministerium.de/Content/DE/Downloads/BMF_Schreiben/Steuerarten/Lohnsteuer/2024-12-02-steuerliche-behandlung-reisekosten-2025.pdf,True
bmf_2025_088,2025,KANADA:VANCOUVER,Kanada,Vancouver,63,42,304,https://www.bundesfinanzministerium.de/Content/DE/Downloads/BMF_Schreiben/Steuerarten/Lohnsteuer/2024-12-02-steuerliche-behandlung-reisekosten-2025.pdf,True
bmf_2025_089,2025,KANADA,Kanada,im Übrigen,54,36,214,https://www.bundesfinanzministerium.de/Content/DE/Downloads/BMF_Schreiben/Steuerarten/Lohnsteuer/2024-12-02-steuerliche-behandlung-reisekosten-2025.pdf,True
bmf_2025_090,2025,KAP_VERDE,Kap Verde,,38,25,90,https://www.bundesfinanzministerium.de/Content/DE/Downloads/BMF_Schreiben/Steuerarten/Lohnsteuer/2024-12-02-steuerliche-behandlung-reisekosten-2025.pdf,True
bmf_2025_091,2025,KASACHSTAN,Kasachstan,,33,22,108,https://www.bundesfinanzministerium.de/Content/DE/Downloads/BMF_Schreiben/Steuerarten/Lohnsteuer/2024-12-02-steuerliche-behandlung-reisekosten-2025.pdf,True
bmf_2025_092,2025,KATAR,Katar,,56,37,149,https://www.bundesfinanzministerium.de/Content/DE/Downloads/BMF_Schreiben/Steuerarten/Lohnsteuer/2024-12-02-steuerliche-behandlung-reisekosten-2025.pdf,True
bmf_2025_093,2025,KENIA,Kenia,,51,34,219,https://www.bundesfinanzministerium.de/Content/DE/Downloads/BMF_Schreiben/Steuerarten/Lohnsteuer/2024-12-02-steuerliche-behandlung-reisekosten-2025.pdf,True
bmf_2025_094,2025,KIRGISISTAN,Kirgisistan,,27,18,74,https://www.bundesfinanzministerium.de/Content/DE/Downloads/BMF_Schreiben/Steuerarten/Lohnsteuer/2024-12-02-steuerliche-behandlung-reisekosten-2025.pdf,True
bmf_2025_095,2025,KOLUMBIEN,Kolumbien,,34,23,123,https://www.bundesfinanzministerium.de/Content/DE/Downloads/BMF_Schreiben/Steuerarten/Lohnsteuer/2024-12-02-steuerliche-behandlung-reisekosten-2025.pdf,True
bmf_2025_096,2025,KONGO_REPUBLIK,"Kongo, Republik",,62,41,215,https://www.bundesfinanzministerium.de/Content/DE/Downloads/BMF_Schreiben/Steuerarten/Lohnsteuer/2024-12-02-steuerliche-behandlung-reisekosten-2025.pdf,True
bmf_2025_097,2025,KONGO_DEMOKRATISCHE_REPUBLIK,"Kongo, Demokratische Republik",,65,44,337,https://www.bundesfinanzministerium.de/Content/DE/Downloads/BMF_Schreiben/Steuerarten/Lohnsteuer/2024-12-02-steuerliche-behandlung-reisekosten-2025.pdf,True
bmf_2025_098,2025,KOREA_DEMOKRATISCHE_VOLKSREPUBLIK,"Korea, Demokratische Volksrepublik",,28,19,92,https://www.bundesfinanzministerium.de/Content/DE/Downloads/BMF_Schreiben/Steuerarten/Lohnsteuer/2024-12-02-steuerliche-behandlung-reisekosten-2025.pdf,True
bmf_2025_099,2025,KOREA_REPUBLIK,"Korea, Republik",,48,32,108,https://www.bundesfinanzministerium.de/Content/DE/Downloads/BMF_Schreiben/Steuerarten/Lohnsteuer/2024-12-02-steuerliche-behandlung-reisekosten-2025.pdf,True
bmf_2025_100,2025,KOSOVO,Kosovo,,24,16,71,https://www.bundesfinanzministerium.de/Content/DE/Downloads/BMF_Schreiben/Steuerarten/Lohnsteuer/2024-12-02-steuerliche-behandlung-reisekosten-2025.pdf,True
bmf_2025_101,2025,KROATIEN,Kroatien,,46,31,191,https://www.bundesfinanzministerium.de/Content/DE/Downloads/BMF_Schreiben/Steuerarten/Lohnsteuer/2024-12-02-steuerliche-behandlung-reisekosten-2025.pdf,True
bmf_2025_102,2025,KUBA,Kuba,,51,34,170,https://www.bundesfinanzministerium.de/Content/DE/Downloads/BMF_Schreiben/Steuerarten/Lohnsteuer/2024-12-02-steuerliche-behandlung-reisekosten-2025.pdf,True
bmf_2025_103,2025,KUWAIT,Kuwait,,56,37,241,https://www.bundesfinanzministerium.de/Content/DE/Downloads/BMF_Schreiben/Steuerarten/Lohnsteuer/2024-12-02-steuerliche-behandlung-reisekosten-2025.pdf,True
bmf_2025_104,2025,LAOS,Laos,,35,24,71,https://www.bundesfinanzministerium.de/Content/DE/Downloads/BMF_Schreiben/Steuerarten/Lohnsteuer/2024-12-02-steuerliche-behandlung-reisekosten-2025.pdf,True
bmf_2025_105,2025,LESOTHO,Lesotho,,28,19,104,https://www.bundesfinanzministerium.de/Content/DE/Downloads/BMF_Schreiben/Steuerarten/Lohnsteuer/2024-12-02-steuerliche-behandlung-reisekosten-2025.pdf,True
bmf_2025_106,2025,LETTLAND,Lettland,,35,24,76,https://www.bundesfinanzministerium.de/Content/DE/Downloads/BMF_Schreiben/Steuerarten/Lohnsteuer/2024-12-02-steuerliche-behandlung-reisekosten-2025.pdf,True
bmf_2025_107,2025,LIBYEN,Libyen,,63,42,135,https://www.bundesfinanzministerium.de/Content/DE/Downloads/BMF_Schreiben/Steuerarten/Lohnsteuer/2024-12-02-steuerliche-behandlung-reisekosten-2025.pdf,True
bmf_2025_108,2025,LIBANON,Libanon,,69,46,146,https://www.bundesfinanzministerium.de/Content/DE/Downloads/BMF_Schreiben/Steuerarten/Lohnsteuer/2024-12-02-steuerliche-behandlung-reisekosten-2025.pdf,True
bmf_2025_109,2025,LIBERIA,Liberia,,65,44,173,https://www.bundesfinanzministerium.de/Content/DE/Downloads/BMF_Schreiben/Steuerarten/Lohnsteuer/2024-12-02-steuerliche-behandlung-reisekosten-2025.pdf,True
bmf_2025_110,2025,LIECHTENSTEIN,Liechtenstein,,56,37,190,https://www.bundesfinanzministerium.de/Content/DE/Downloads/BMF_Schreiben/Steuerarten/Lohnsteuer/2024-12-02-steuerliche-behandlung-reisekosten-2025.pdf,True
bmf_2025_111,2025,LITAUEN,Litauen,,26,17,109,https://www.bundesfinanzministerium.de/Content/DE/Downloads/BMF_Schreiben/Steuerarten/Lohnsteuer/2024-12-02-steuerliche-behandlung-reisekosten-2025.pdf,True
bmf_2025_112,2025,LUXEMBURG,Luxemburg,,63,42,139,https://www.bundesfinanzministerium.de/Content/DE/Downloads/BMF_Schreiben/Steuerarten/Lohnsteuer/2024-12-02-steuerliche-behandlung-reisekosten-2025.pdf,True
bmf_2025_113,2025,MADAGASKAR,Madagaskar,,33,22,116,https://www.bundesfinanzministerium.de/Content/DE/Downloads/BMF_Schreiben/Steuerarten/Lohnsteuer/2024-12-02-steuerliche-behandlung-reisekosten-2025.pdf,True
bmf_2025_114,2025,MALAWI,Malawi,,41,28,109,https://www.bundesfinanzministerium.de/Content/DE/Downloads/BMF_Schreiben/Steuerarten/Lohnsteuer/2024-12-02-steuerliche-behandlung-reisekosten-2025.pdf,True
bmf_2025_115,2025,MALAYSIA,Malaysia,,36,24,86,https://www.bundesfinanzministerium.de/Content/DE/Downloads/BMF_Schreiben/Steuerarten/Lohnsteuer/2024-12-02-steuerliche-behandlung-reisekosten-2025.pdf,True
bmf_2025_116,2025,MALEDIVEN,Malediven,,70,47,200,https://www.bundesfinanzministerium.de/Content/DE/Downloads/BMF_Schreiben/Steuerarten/Lohnsteuer/2024-12-02-steuerliche-behandlung-reisekosten-2025.pdf,True
bmf_2025_117,2025,MALI,Mali,,38,25,120,https://www.bundesfinanzministerium.de/Content/DE/Downloads/BMF_Schreiben/Steuerarten/Lohnsteuer/2024-12-02-steuerliche-behandlung-reisekosten-2025.pdf,True
bmf_2025_118,2025,MALTA,Malta,,46,31,114,https://www.bundesfinanzministerium.de/Content/DE/Downloads/BMF_Schreiben/Steuerarten/Lohnsteuer/2024-12-02-steuerliche-behandlung-reisekosten-2025.pdf,True
bmf_2025_119,2025,MAROKKO,Marokko,,41,28,87,https://www.bundesfinanzministerium.de/Content/DE/Downloads/BMF_Schreiben/Steuerarten/Lohnsteuer/2024-12-02-steuerliche-behandlung-reisekosten-2025.pdf,True
bmf_2025_120,2025,MARSHALL_INSELN,Marshall Inseln,,63,42,102,https://www.bundesfinanzministerium.de/Content/DE/Downloads/BMF_Schreiben/Steuerarten/Lohnsteuer/2024-12-02-steuerliche-behandlung-reisekosten-2025.pdf,True
bmf_2025_121,2025,MAURETANIEN,Mauretanien,,35,24,86,https://www.bundesfinanzministerium.de/Content/DE/Downloads/BMF_Schreiben/Steuerarten/Lohnsteuer/2024-12-02-steuerliche-behandlung-reisekosten-2025.pdf,True
bmf_2025_122,2025,MAURITIUS,Mauritius,,44,29,172,https://www.bundesfinanzministerium.de/Content/DE/Downloads/BMF_Schreiben/Steuerarten/Lohnsteuer/2024-12-02-steuerliche-behandlung-reisekosten-2025.pdf,True
bmf_2025_123,2025,MEXIKO,Mexiko,,48,32,177,https://www.bundesfinanzministerium.de/Content/DE/Downloads/BMF_Schreiben/Steuerarten/Lohnsteuer/2024-12-02-steuerliche-behandlung-reisekosten-2025.pdf,True
bmf_2025_124,2025,MOLDAU_REPUBLIK,"Moldau, Republik",,26,17,73,https://www.bundesfinanzministerium.de/Content/DE/Downloads/BMF_Schreiben/Steuerarten/Lohnsteuer/2024-12-02-steuerliche-behandlung-reisekosten-2025.pdf,True
bmf_2025_125,2025,MONACO,Monaco,,52,35,187,https://www.bundesfinanzministerium.de/Content/DE/Downloads/BMF_Schreiben/Steuerarten/Lohnsteuer/2024-12-02-steuerliche-behandlung-reisekosten-2025.pdf,True
bmf_2025_126,2025,MONGOLEI,Mongolei,,23,16,92,https://www.bundesfinanzministerium.de/Content/DE/Downloads/BMF_Schreiben/Steuerarten/Lohnsteuer/2024-12-02-steuerliche-behandlung-reisekosten-2025.pdf,True
bmf_2025_127,2025,MONTENEGRO,Montenegro,,32,21,85,https://www.bundesfinanzministerium.de/Content/DE/Downloads/BMF_Schreiben/Steuerarten/Lohnsteuer/2024-12-02-steuerliche-behandlung-reisekosten-2025.pdf,True
bmf_2025_128,2025,MOSAMBIK,Mosambik,,51,34,208,https://www.bundesfinanzministerium.de/Content/DE/Downloads/BMF_Schreiben/Steuerarten/Lohnsteuer/2024-12-02-steuerliche-behandlung-reisekosten-2025.pdf,True
bmf_2025_129,2025,MYANMAR,Myanmar,,23,16,103,https://www.bundesfinanzministerium.de/Content/DE/Downloads/BMF_Schreiben/Steuerarten/Lohnsteuer/2024-12-02-steuerliche-behandlung-reisekosten-2025.pdf,True
bmf_2025_130,2025,NAMIBIA,Namibia,,30,20,112,https://www.bundesfinanzministerium.de/Content/DE/Downloads/BMF_Schreiben/Steuerarten/Lohnsteuer/2024-12-02-steuerliche-behandlung-reisekosten-2025.pdf,True
bmf_2025_131,2025,NEPAL,Nepal,,36,24,126,https://www.bundesfinanzministerium.de/Content/DE/Downloads/BMF_Schreiben/Steuerarten/Lohnsteuer/2024-12-02-steuerliche-behandlung-reisekosten-2025.pdf,True
bmf_2025_132,2025,NEUSEELAND,Neuseeland,,58,39,148,https://www.bundesfinanzministerium.de/Content/DE/Downloads/BMF_Schreiben/Steuerarten/Lohnsteuer/2024-12-02-steuerliche-behandlung-reisekosten-2025.pdf,True
bmf_2025_133,2025,NICARAGUA,Nicaragua,,46,31,105,https://www.bundesfinanzministerium.de/Content/DE/Downloads/BMF_Schreiben/Steuerarten/Lohnsteuer/2024-12-02-steuerliche-behandlung-reisekosten-2025.pdf,True
bmf_2025_134,2025,NL,Niederlande,,47,32,122,https://www.bundesfinanzministerium.de/Content/DE/Downloads/BMF_Schreiben/Steuerarten/Lohnsteuer/2024-12-02-steuerliche-behandlung-reisekosten-2025.pdf,True
bmf_2025_135,2025,NIGER,Niger,,42,28,131,https://www.bundesfinanzministerium.de/Content/DE/Downloads/BMF_Schreiben/Steuerarten/Lohnsteuer/2024-12-02-steuerliche-behandlung-reisekosten-2025.pdf,True
bmf_2025_136,2025,NIGERIA,Nigeria,,46,31,182,https://www.bundesfinanzministerium.de/Content/DE/Downloads/BMF_Schreiben/Steuerarten/Lohnsteuer/2024-12-02-steuerliche-behandlung-reisekosten-2025.pdf,True
bmf_2025_137,2025,NORDMAZEDONIEN,Nordmazedonien,,27,18,89,https://www.bundesfinanzministerium.de/Content/DE/Downloads/BMF_Schreiben/Steuerarten/Lohnsteuer/2024-12-02-steuerliche-behandlung-reisekosten-2025.pdf,True
bmf_2025_138,2025,NORWEGEN,Norwegen,,75,50,139,https://www.bundesfinanzministerium.de/Content/DE/Downloads/BMF_Schreiben/Steuerarten/Lohnsteuer/2024-12-02-steuerliche-behandlung-reisekosten-2025.pdf,True
bmf_2025_139,2025,AT,Österreich,,50,33,117,https://www.bundesfinanzministerium.de/Content/DE/Downloads/BMF_Schreiben/Steuerarten/Lohnsteuer/2024-12-02-steuerliche-behandlung-reisekosten-2025.pdf,True
bmf_2025_140,2025,OMAN,Oman,,64,43,141,https://www.bundesfinanzministerium.de/Content/DE/Downloads/BMF_Schreiben/Steuerarten/Lohnsteuer/2024-12-02-steuerliche-behandlung-reisekosten-2025.pdf,True
bmf_2025_141,2025,PAKISTAN:ISLAMABAD,Pakistan,Islamabad,23,16,238,https://www.bundesfinanzministerium.de/Content/DE/Downloads/BMF_Schreiben/Steuerarten/Lohnsteuer/2024-12-02-steuerliche-behandlung-reisekosten-2025.pdf,True
bmf_2025_142,2025,PAKISTAN,Pakistan,im Übrigen,34,23,122,https://www.bundesfinanzministerium.de/Content/DE/Downloads/BMF_Schreiben/Steuerarten/Lohnsteuer/2024-12-02-steuerliche-behandlung-reisekosten-2025.pdf,True
bmf_2025_143,2025,PALAU,Palau,,51,34,193,https://www.bundesfinanzministerium.de/Content/DE/Downloads/BMF_Schreiben/Steuerarten/Lohnsteuer/2024-12-02-steuerliche-behandlung-reisekosten-2025.pdf,True
bmf_2025_144,2025,PANAMA,Panama,,41,28,82,https://www.bundesfinanzministerium.de/Content/DE/Downloads/BMF_Schreiben/Steuerarten/Lohnsteuer/2024-12-02-steuerliche-behandlung-reisekosten-2025.pdf,True
bmf_2025_145,2025,PAPUA_NEUGUINEA,Papua-Neuguinea,,59,40,159,https://www.bundesfinanzministerium.de/Content/DE/Downloads/BMF_Schreiben/Steuerarten/Lohnsteuer/2024-12-02-steuerliche-behandlung-reisekosten-2025.pdf,True
bmf_2025_146,2025,PARAGUAY,Paraguay,,39,26,124,https://www.bundesfinanzministerium.de/Content/DE/Downloads/BMF_Schreiben/Steuerarten/Lohnsteuer/2024-12-02-steuerliche-behandlung-reisekosten-2025.pdf,True
bmf_2025_147,2025,PERU,Peru,,34,23,143,https://www.bundesfinanzministerium.de/Content/DE/Downloads/BMF_Schreiben/Steuerarten/Lohnsteuer/2024-12-02-steuerliche-behandlung-reisekosten-2025.pdf,True
bmf_2025_148,2025,PHILIPPINEN,Philippinen,,41,28,140,https://www.bundesfinanzministerium.de/Content/DE/Downloads/BMF_Schreiben/Steuerarten/Lohnsteuer/2024-12-02-steuerliche-behandlung-reisekosten-2025.pdf,True
bmf_2025_149,2025,POLEN:BRESLAU,Polen,Breslau,34,23,124,https://www.bundesfinanzministerium.de/Content/DE/Downloads/BMF_Schreiben/Steuerarten/Lohnsteuer/2024-12-02-steuerliche-behandlung-reisekosten-2025.pdf,True
bmf_2025_150,2025,POLEN:WARSCHAU,Polen,Warschau,40,27,143,https://www.bundesfinanzministerium.de/Content/DE/Downloads/BMF_Schreiben/Steuerarten/Lohnsteuer/2024-12-02-steuerliche-behandlung-reisekosten-2025.pdf,True
bmf_2025_151,2025,POLEN,Polen,im Übrigen,34,23,124,https://www.bundesfinanzministerium.de/Content/DE/Downloads/BMF_Schreiben/Steuerarten/Lohnsteuer/2024-12-02-steuerliche-behandlung-reisekosten-2025.pdf,True
bmf_2025_152,2025,PORTUGAL,Portugal,,32,21,111,https://www.bundesfinanzministerium.de/Content/DE/Downloads/BMF_Schreiben/Steuerarten/Lohnsteuer/2024-12-02-steuerliche-behandlung-reisekosten-2025.pdf,True
bmf_2025_153,2025,RUANDA,Ruanda,,44,29,117,https://www.bundesfinanzministerium.de/Content/DE/Downloads/BMF_Schreiben/Steuerarten/Lohnsteuer/2024-12-02-steuerliche-behandlung-reisekosten-2025.pdf,True
bmf_2025_154,2025,RUMANIEN:BUKAREST,Rumänien,Bukarest,32,21,92,https://www.bundesfinanzministerium.de/Content/DE/Downloads/BMF_Schreiben/Steuerarten/Lohnsteuer/2024-12-02-steuerliche-behandlung-reisekosten-2025.pdf,True
bmf_2025_155,2025,RUMANIEN,Rumänien,im Übrigen,27,18,89,https://www.bundesfinanzministerium.de/Content/DE/Downloads/BMF_Schreiben/Steuerarten/Lohnsteuer/2024-12-02-steuerliche-behandlung-reisekosten-2025.pdf,True
bmf_2025_156,2025,RUSSISCHE_FODERATION:MOSKAU,Russische Föderation,Moskau,30,20,235,https://www.bundesfinanzministerium.de/Content/DE/Downloads/BMF_Schreiben/Steuerarten/Lohnsteuer/2024-12-02-steuerliche-behandlung-reisekosten-2025.pdf,True
bmf_2025_157,2025,RUSSISCHE_FODERATION:ST_PETERSBURG,Russische Föderation,St. Petersburg,28,19,133,https://www.bundesfinanzministerium.de/Content/DE/Downloads/BMF_Schreiben/Steuerarten/Lohnsteuer/2024-12-02-steuerliche-behandlung-reisekosten-2025.pdf,True
bmf_2025_158,2025,RUSSISCHE_FODERATION,Russische Föderation,im Übrigen,28,19,133,https://www.bundesfinanzministerium.de/Content/DE/Downloads/BMF_Schreiben/Steuerarten/Lohnsteuer/2024-12-02-steuerliche-behandlung-reisekosten-2025.pdf,True
bmf_2025_159,2025,SAMBIA,Sambia,,38,25,105,https://www.bundesfinanzministerium.de/Content/DE/Downloads/BMF_Schreiben/Steuerarten/Lohnsteuer/2024-12-02-steuerliche-behandlung-reisekosten-2025.pdf,True
bmf_2025_160,2025,SAMOA,Samoa,,39,26,105,https://www.bundesfinanzministerium.de/Content/DE/Downloads/BMF_Schreiben/Steuerarten/Lohnsteuer/2024-12-02-steuerliche-behandlung-reisekosten-2025.pdf,True
bmf_2025_161,2025,SAN_MARINO,San Marino,,34,23,79,https://www.bundesfinanzministerium.de/Content/DE/Downloads/BMF_Schreiben/Steuerarten/Lohnsteuer/2024-12-02-steuerliche-behandlung-reisekosten-2025.pdf,True
bmf_2025_162,2025,SAO_TOME_PRINCIPE,São Tomé – Príncipe,,36,24,147,https://www.bundesfinanzministerium.de/Content/DE/Downloads/BMF_Schreiben/Steuerarten/Lohnsteuer/2024-12-02-steuerliche-behandlung-reisekosten-2025.pdf,True
bmf_2025_163,2025,SAUDI_ARABIEN:DJIDDA,Saudi-Arabien,Djidda,57,38,181,https://www.bundesfinanzministerium.de/Content/DE/Downloads/BMF_Schreiben/Steuerarten/Lohnsteuer/2024-12-02-steuerliche-behandlung-reisekosten-2025.pdf,True
bmf_2025_164,2025,SAUDI_ARABIEN:RIAD,Saudi-Arabien,Riad,56,37,186,https://www.bundesfinanzministerium.de/Content/DE/Downloads/BMF_Schreiben/Steuerarten/Lohnsteuer/2024-12-02-steuerliche-behandlung-reisekosten-2025.pdf,True
bmf_2025_165,2025,SAUDI_ARABIEN,Saudi-Arabien,im Übrigen,56,37,181,https://www.bundesfinanzministerium.de/Content/DE/Downloads/BMF_Schreiben/Steuerarten/Lohnsteuer/2024-12-02-steuerliche-behandlung-reisekosten-2025.pdf,True
bmf_2025_166,2025,SCHWEDEN,Schweden,,66,44,140,https://www.bundesfinanzministerium.de/Content/DE/Downloads/BMF_Schreiben/Steuerarten/Lohnsteuer/2024-12-02-steuerliche-behandlung-reisekosten-2025.pdf,True
bmf_2025_167,2025,CH:GENF,Schweiz,Genf,66,44,186,https://www.bundesfinanzministerium.de/Content/DE/Downloads/BMF_Schreiben/Steuerarten/Lohnsteuer/2024-12-02-steuerliche-behandlung-reisekosten-2025.pdf,True
bmf_2025_168,2025,CH,Schweiz,im Übrigen,64,43,180,https://www.bundesfinanzministerium.de/Content/DE/Downloads/BMF_Schreiben/Steuerarten/Lohnsteuer/2024-12-02-steuerliche-behandlung-reisekosten-2025.pdf,True
bmf_2025_169,2025,SENEGAL,Senegal,,42,28,190,https://www.bundesfinanzministerium.de/Content/DE/Downloads/BMF_Schreiben/Steuerarten/Lohnsteuer/2024-12-02-steuerliche-behandlung-reisekosten-2025.pdf,True
bmf_2025_170,2025,SERBIEN,Serbien,,27,18,97,https://www.bundesfinanzministerium.de/Content/DE/Downloads/BMF_Schreiben/Steuerarten/Lohnsteuer/2024-12-02-steuerliche-behandlung-reisekosten-2025.pdf,True
bmf_2025_171,2025,SIERRA_LEONE,Sierra Leone,,57,38,145,https://www.bundesfinanzministerium.de/Content/DE/Downloads/BMF_Schreiben/Steuerarten/Lohnsteuer/2024-12-02-steuerliche-behandlung-reisekosten-2025.pdf,True
bmf_2025_172,2025,SIMBABWE,Simbabwe,,63,42,198,https://www.bundesfinanzministerium.de/Content/DE/Downloads/BMF_Schreiben/Steuerarten/Lohnsteuer/2024-12-02-steuerliche-behandlung-reisekosten-2025.pdf,True
bmf_2025_173,2025,SINGAPUR,Singapur,,71,48,277,https://www.bundesfinanzministerium.de/Content/DE/Downloads/BMF_Schreiben/Steuerarten/Lohnsteuer/2024-12-02-steuerliche-behandlung-reisekosten-2025.pdf,True
bmf_2025_174,2025,SLOWAKISCHE_REPUBLIK,Slowakische Republik,,33,22,121,https://www.bundesfinanzministerium.de/Content/DE/Downloads/BMF_Schreiben/Steuerarten/Lohnsteuer/2024-12-02-steuerliche-behandlung-reisekosten-2025.pdf,True
bmf_2025_175,2025,SLOWENIEN,Slowenien,,38,25,126,https://www.bundesfinanzministerium.de/Content/DE/Downloads/BMF_Schreiben/Steuerarten/Lohnsteuer/2024-12-02-steuerliche-behandlung-reisekosten-2025.pdf,True
bmf_2025_176,2025,SPANIEN:BARCELONA,Spanien,Barcelona,34,23,144,https://www.bundesfinanzministerium.de/Content/DE/Downloads/BMF_Schreiben/Steuerarten/Lohnsteuer/2024-12-02-steuerliche-behandlung-reisekosten-2025.pdf,True
bmf_2025_177,2025,SPANIEN:KANARISCHE_INSELN,Spanien,Kanarische Inseln,36,24,103,https://www.bundesfinanzministerium.de/Content/DE/Downloads/BMF_Schreiben/Steuerarten/Lohnsteuer/2024-12-02-steuerliche-behandlung-reisekosten-2025.pdf,True
bmf_2025_178,2025,SPANIEN:MADRID,Spanien,Madrid,42,28,131,https://www.bundesfinanzministerium.de/Content/DE/Downloads/BMF_Schreiben/Steuerarten/Lohnsteuer/2024-12-02-steuerliche-behandlung-reisekosten-2025.pdf,True
bmf_2025_179,2025,SPANIEN:PALMA_DE_MALLORCA,Spanien,Palma de Mallorca,44,29,142,https://www.bundesfinanzministerium.de/Content/DE/Downloads/BMF_Schreiben/Steuerarten/Lohnsteuer/2024-12-02-steuerliche-behandlung-reisekosten-2025.pdf,True
bmf_2025_180,2025,SPANIEN,Spanien,im Übrigen,34,23,103,https://www.bundesfinanzministerium.de/Content/DE/Downloads/BMF_Schreiben/Steuerarten/Lohnsteuer/2024-12-02-steuerliche-behandlung-reisekosten-2025.pdf,True
bmf_2025_181,2025,SRI_LANKA,Sri Lanka,,36,24,112,https://www.bundesfinanzministerium.de/Content/DE/Downloads/BMF_Schreiben/Steuerarten/Lohnsteuer/2024-12-02-steuerliche-behandlung-reisekosten-2025.pdf,True
bmf_2025_182,2025,SUDAN,Sudan,,33,22,195,https://www.bundesfinanzministerium.de/Content/DE/Downloads/BMF_Schreiben/Steuerarten/Lohnsteuer/2024-12-02-steuerliche-behandlung-reisekosten-2025.pdf,True
bmf_2025_183,2025,SUDAFRIKA:KAPSTADT,Südafrika,Kapstadt,33,22,130,https://www.bundesfinanzministerium.de/Content/DE/Downloads/BMF_Schreiben/Steuerarten/Lohnsteuer/2024-12-02-steuerliche-behandlung-reisekosten-2025.pdf,True
bmf_2025_184,2025,SUDAFRIKA:JOHANNESBURG,Südafrika,Johannesburg,36,24,129,https://www.bundesfinanzministerium.de/Content/DE/Downloads/BMF_Schreiben/Steuerarten/Lohnsteuer/2024-12-02-steuerliche-behandlung-reisekosten-2025.pdf,True
bmf_2025_185,2025,SUDAFRIKA,Südafrika,im Übrigen,29,20,109,https://www.bundesfinanzministerium.de/Content/DE/Downloads/BMF_Schreiben/Steuerarten/Lohnsteuer/2024-12-02-steuerliche-behandlung-reisekosten-2025.pdf,True
bmf_2025_186,2025,SUDSUDAN,Südsudan,,51,34,159,https://www.bundesfinanzministerium.de/Content/DE/Downloads/BMF_Schreiben/Steuerarten/Lohnsteuer/2024-12-02-steuerliche-behandlung-reisekosten-2025.pdf,True
bmf_2025_187,2025,SYRIEN,Syrien,,38,25,140,https://www.bundesfinanzministerium.de/Content/DE/Downloads/BMF_Schreiben/Steuerarten/Lohnsteuer/2024-12-02-steuerliche-behandlung-reisekosten-2025.pdf,True
bmf_2025_188,2025,TADSCHIKISTAN,Tadschikistan,,27,18,85,https://www.bundesfinanzministerium.de/Content/DE/Downloads/BMF_Schreiben/Steuerarten/Lohnsteuer/2024-12-02-steuerliche-behandlung-reisekosten-2025.pdf,True
bmf_2025_189,2025,TAIWAN,Taiwan,,51,34,174,https://www.bundesfinanzministerium.de/Content/DE/Downloads/BMF_Schreiben/Steuerarten/Lohnsteuer/2024-12-02-steuerliche-behandlung-reisekosten-2025.pdf,True
bmf_2025_190,2025,TANSANIA,Tansania,,44,29,97,https://www.bundesfinanzministerium.de/Content/DE/Downloads/BMF_Schreiben/Steuerarten/Lohnsteuer/2024-12-02-steuerliche-behandlung-reisekosten-2025.pdf,True
bmf_2025_191,2025,THAILAND,Thailand,,36,24,114,https://www.bundesfinanzministerium.de/Content/DE/Downloads/BMF_Schreiben/Steuerarten/Lohnsteuer/2024-12-02-steuerliche-behandlung-reisekosten-2025.pdf,True
bmf_2025_192,2025,TOGO,Togo,,39,26,118,https://www.bundesfinanzministerium.de/Content/DE/Downloads/BMF_Schreiben/Steuerarten/Lohnsteuer/2024-12-02-steuerliche-behandlung-reisekosten-2025.pdf,True
bmf_2025_193,2025,TONGA,Tonga,,29,20,102,https://www.bundesfinanzministerium.de/Content/DE/Downloads/BMF_Schreiben/Steuerarten/Lohnsteuer/2024-12-02-steuerliche-behandlung-reisekosten-2025.pdf,True
bmf_2025_194,2025,TRINIDAD_UND_TOBAGO,Trinidad und Tobago,,66,44,203,https://www.bundesfinanzministerium.de/Content/DE/Downloads/BMF_Schreiben/Steuerarten/Lohnsteuer/2024-12-02-steuerliche-behandlung-reisekosten-2025.pdf,True
bmf_2025_195,2025,TSCHAD,Tschad,,42,28,155,https://www.bundesfinanzministerium.de/Content/DE/Downloads/BMF_Schreiben/Steuerarten/Lohnsteuer/2024-12-02-steuerliche-behandlung-reisekosten-2025.pdf,True
bmf_2025_196,2025,TSCHECHISCHE_REPUBLIK,Tschechische Republik,,32,21,77,https://www.bundesfinanzministerium.de/Content/DE/Downloads/BMF_Schreiben/Steuerarten/Lohnsteuer/2024-12-02-steuerliche-behandlung-reisekosten-2025.pdf,True
bmf_2025_197,2025,TURKEI:ANKARA,Türkei,Ankara,32,21,110,https://www.bundesfinanzministerium.de/Content/DE/Downloads/BMF_Schreiben/Steuerarten/Lohnsteuer/2024-12-02-steuerliche-behandlung-reisekosten-2025.pdf,True
bmf_2025_198,2025,TURKEI:IZMIR,Türkei,Izmir,44,29,120,https://www.bundesfinanzministerium.de/Content/DE/Downloads/BMF_Schreiben/Steuerarten/Lohnsteuer/2024-12-02-steuerliche-behandlung-reisekosten-2025.pdf,True
bmf_2025_199,2025,TURKEI,Türkei,im Übrigen,24,16,107,https://www.bundesfinanzministerium.de/Content/DE/Downloads/BMF_Schreiben/Steuerarten/Lohnsteuer/2024-12-02-steuerliche-behandlung-reisekosten-2025.pdf,True
bmf_2025_200,2025,TUNESIEN,Tunesien,,40,27,144,https://www.bundesfinanzministerium.de/Content/DE/Downloads/BMF_Schreiben/Steuerarten/Lohnsteuer/2024-12-02-steuerliche-behandlung-reisekosten-2025.pdf,True
bmf_2025_201,2025,TURKMENISTAN,Turkmenistan,,28,19,135,https://www.bundesfinanzministerium.de/Content/DE/Downloads/BMF_Schreiben/Steuerarten/Lohnsteuer/2024-12-02-steuerliche-behandlung-reisekosten-2025.pdf,True
bmf_2025_202,2025,UGANDA,Uganda,,41,28,143,https://www.bundesfinanzministerium.de/Content/DE/Downloads/BMF_Schreiben/Steuerarten/Lohnsteuer/2024-12-02-steuerliche-behandlung-reisekosten-2025.pdf,True
bmf_2025_203,2025,UKRAINE,Ukraine,,26,17,98,https://www.bundesfinanzministerium.de/Content/DE/Downloads/BMF_Schreiben/Steuerarten/Lohnsteuer/2024-12-02-steuerliche-behandlung-reisekosten-2025.pdf,True
bmf_2025_204,2025,UNGARN,Ungarn,,32,21,85,https://www.bundesfinanzministerium.de/Content/DE/Downloads/BMF_Schreiben/Steuerarten/Lohnsteuer/2024-12-02-steuerliche-behandlung-reisekosten-2025.pdf,True
bmf_2025_205,2025,URUGUAY,Uruguay,,40,27,113,https://www.bundesfinanzministerium.de/Content/DE/Downloads/BMF_Schreiben/Steuerarten/Lohnsteuer/2024-12-02-steuerliche-behandlung-reisekosten-2025.pdf,True
bmf_2025_206,2025,USBEKISTAN,Usbekistan,,34,23,104,https://www.bundesfinanzministerium.de/Content/DE/Downloads/BMF_Schreiben/Steuerarten/Lohnsteuer/2024-12-02-steuerliche-behandlung-reisekosten-2025.pdf,True
bmf_2025_207,2025,VATIKANSTAAT,Vatikanstaat,,48,32,150,https://www.bundesfinanzministerium.de/Content/DE/Downloads/BMF_Schreiben/Steuerarten/Lohnsteuer/2024-12-02-steuerliche-behandlung-reisekosten-2025.pdf,True
bmf_2025_208,2025,VENEZUELA,Venezuela,,45,30,127,https://www.bundesfinanzministerium.de/Content/DE/Downloads/BMF_Schreiben/Steuerarten/Lohnsteuer/2024-12-02-steuerliche-behandlung-reisekosten-2025.pdf,True
bmf_2025_209,2025,VEREINIGTE_ARABISCHE_EMIRATE,Vereinigte Arabische Emirate,,65,44,156,https://www.bundesfinanzministerium.de/Content/DE/Downloads/BMF_Schreiben/Steuerarten/Lohnsteuer/2024-12-02-steuerliche-behandlung-reisekosten-2025.pdf,True
bmf_2025_210,2025,VEREINIGTE_STAATEN_VON_AMERIKA_USA:ATLANTA,Vereinigte Staaten von Amerika (USA),Atlanta,77,52,182,https://www.bundesfinanzministerium.de/Content/DE/Downloads/BMF_Schreiben/Steuerarten/Lohnsteuer/2024-12-02-steuerliche-behandlung-reisekosten-2025.pdf,True
bmf_2025_211,2025,VEREINIGTE_STAATEN_VON_AMERIKA_USA:BOSTON,Vereinigte Staaten von Amerika (USA),Boston,63,42,333,https://www.bundesfinanzministerium.de/Content/DE/Downloads/BMF_Schreiben/Steuerarten/Lohnsteuer/2024-12-02-steuerliche-behandlung-reisekosten-2025.pdf,True
bmf_2025_212,2025,VEREINIGTE_STAATEN_VON_AMERIKA_USA:CHICAGO,Vereinigte Staaten von Amerika (USA),Chicago,65,44,233,https://www.bundesfinanzministerium.de/Content/DE/Downloads/BMF_Schreiben/Steuerarten/Lohnsteuer/2024-12-02-steuerliche-behandlung-reisekosten-2025.pdf,True
bmf_2025_213,2025,VEREINIGTE_STAATEN_VON_AMERIKA_USA:HOUSTON,Vereinigte Staaten von Amerika (USA),Houston,62,41,204,https://www.bundesfinanzministerium.de/Content/DE/Downloads/BMF_Schreiben/Steuerarten/Lohnsteuer/2024-12-02-steuerliche-behandlung-reisekosten-2025.pdf,True
bmf_2025_214,2025,VEREINIGTE_STAATEN_VON_AMERIKA_USA:LOS_ANGELES,Vereinigte Staaten von Amerika (USA),Los Angeles,64,43,262,https://www.bundesfinanzministerium.de/Content/DE/Downloads/BMF_Schreiben/Steuerarten/Lohnsteuer/2024-12-02-steuerliche-behandlung-reisekosten-2025.pdf,True
bmf_2025_215,2025,VEREINIGTE_STAATEN_VON_AMERIKA_USA:MIAMI,Vereinigte Staaten von Amerika (USA),Miami,65,44,256,https://www.bundesfinanzministerium.de/Content/DE/Downloads/BMF_Schreiben/Steuerarten/Lohnsteuer/2024-12-02-steuerliche-behandlung-reisekosten-2025.pdf,True
bmf_2025_216,2025,VEREINIGTE_STAATEN_VON_AMERIKA_USA:NEW_YORK_CITY,Vereinigte Staaten von Amerika (USA),New York City,66,44,308,https://www.bundesfinanzministerium.de/Content/DE/Downloads/BMF_Schreiben/Steuerarten/Lohnsteuer/2024-12-02-steuerliche-behandlung-reisekosten-2025.pdf,True
bmf_2025_217,2025,VEREINIGTE_STAATEN_VON_AMERIKA_USA:SAN_FRANCISCO,Vereinigte Staaten von Amerika (USA),San Francisco,59,40,327,https://www.bundesfinanzministerium.de/Content/DE/Downloads/BMF_Schreiben/Steuerarten/Lohnsteuer/2024-12-02-steuerliche-behandlung-reisekosten-2025.pdf,True
bmf_2025_218,2025,VEREINIGTE_STAATEN_VON_AMERIKA_USA:WASHINGTON_D_C,Vereinigte Staaten von Amerika (USA),"Washington, D. C.",66,44,203,https://www.bundesfinanzministerium.de/Content/DE/Downloads/BMF_Schreiben/Steuerarten/Lohnsteuer/2024-12-02-steuerliche-behandlung-reisekosten-2025.pdf,True
bmf_2025_219,2025,VEREINIGTE_STAATEN_VON_AMERIKA_USA,Vereinigte Staaten von Amerika (USA),im Übrigen,59,40,182,https://www.bundesfinanzministerium.de/Content/DE/Downloads/BMF_Schreiben/Steuerarten/Lohnsteuer/2024-12-02-steuerliche-behandlung-reisekosten-2025.pdf,True
bmf_2025_220,2025,VEREINIGTES_KONIGREICH_VON_GROBRITANNIEN_UND_NORDIRLAND:LONDON,Vereinigtes Königreich von Großbritannien und Nordirland,London,66,44,163,https://www.bundesfinanzministerium.de/Content/DE/Downloads/BMF_Schreiben/Steuerarten/Lohnsteuer/2024-12-02-steuerliche-behandlung-reisekosten-2025.pdf,True
bmf_2025_221,2025,VEREINIGTES_KONIGREICH_VON_GROBRITANNIEN_UND_NORDIRLAND,Vereinigtes Königreich von Großbritannien und Nordirland,im Übrigen,52,35,99,https://www.bundesfinanzministerium.de/Content/DE/Downloads/BMF_Schreiben/Steuerarten/Lohnsteuer/2024-12-02-steuerliche-behandlung-reisekosten-2025.pdf,True
bmf_2025_222,2025,VIETNAM,Vietnam,,36,24,111,https://www.bundesfinanzministerium.de/Content/DE/Downloads/BMF_Schreiben/Steuerarten/Lohnsteuer/2024-12-02-steuerliche-behandlung-reisekosten-2025.pdf,True
bmf_2025_223,2025,WEIRUSSLAND,Weißrussland,,20,13,98,https://www.bundesfinanzministerium.de/Content/DE/Downloads/BMF_Schreiben/Steuerarten/Lohnsteuer/2024-12-02-steuerliche-behandlung-reisekosten-2025.pdf,True
bmf_2025_224,2025,ZENTRALAFRIKANISCHE_REPUBLIK,Zentralafrikanische Republik,,53,36,210,https://www.bundesfinanzministerium.de/Content/DE/Downloads/BMF_Schreiben/Steuerarten/Lohnsteuer/2024-12-02-steuerliche-behandlung-reisekosten-2025.pdf,True
bmf_2025_225,2025,ZYPERN,Zypern,,42,28,125,https://www.bundesfinanzministerium.de/Content/DE/Downloads/BMF_Schreiben/Steuerarten/Lohnsteuer/2024-12-02-steuerliche-behandlung-reisekosten-2025.pdf,True
bmf_2025_226,2025,OTHER,Sonstige nicht gelistete Länder,Luxemburg-Satz,63,42,139,https://www.bundesfinanzministerium.de/Content/DE/Downloads/BMF_Schreiben/Steuerarten/Lohnsteuer/2024-12-02-steuerliche-behandlung-reisekosten-2025.pdf,True
bmf_2026_001,2026,DE,Deutschland,,28,14,20,https://www.bundesfinanzministerium.de/Content/DE/Downloads/BMF_Schreiben/Steuerarten/Lohnsteuer/2025-12-05-steuerliche-behandlung-reisekosten-2026.pdf,True
bmf_2026_002,2026,AGYPTEN,Ägypten,,50,33,112,https://www.bundesfinanzministerium.de/Content/DE/Downloads/BMF_Schreiben/Steuerarten/Lohnsteuer/2025-12-05-steuerliche-behandlung-reisekosten-2026.pdf,True
bmf_2026_003,2026,ATHIOPIEN,Äthiopien,,44,29,159,https://www.bundesfinanzministerium.de/Content/DE/Downloads/BMF_Schreiben/Steuerarten/Lohnsteuer/2025-12-05-steuerliche-behandlung-reisekosten-2026.pdf,True
bmf_2026_004,2026,AQUATORIALGUINEA,Äquatorialguinea,,42,28,166,https://www.bundesfinanzministerium.de/Content/DE/Downloads/BMF_Schreiben/Steuerarten/Lohnsteuer/2025-12-05-steuerliche-behandlung-reisekosten-2026.pdf,True
bmf_2026_005,2026,ALBANIEN,Albanien,,33,22,116,https://www.bundesfinanzministerium.de/Content/DE/Downloads/BMF_Schreiben/Steuerarten/Lohnsteuer/2025-12-05-steuerliche-behandlung-reisekosten-2026.pdf,True
bmf_2026_006,2026,ALGERIEN,Algerien,,47,32,120,https://www.bundesfinanzministerium.de/Content/DE/Downloads/BMF_Schreiben/Steuerarten/Lohnsteuer/2025-12-05-steuerliche-behandlung-reisekosten-2026.pdf,True
bmf_2026_007,2026,ANDORRA,Andorra,,45,30,135,https://www.bundesfinanzministerium.de/Content/DE/Downloads/BMF_Schreiben/Steuerarten/Lohnsteuer/2025-12-05-steuerliche-behandlung-reisekosten-2026.pdf,True
bmf_2026_008,2026,ANGOLA,Angola,,40,27,368,https://www.bundesfinanzministerium.de/Content/DE/Downloads/BMF_Schreiben/Steuerarten/Lohnsteuer/2025-12-05-steuerliche-behandlung-reisekosten-2026.pdf,True
bmf_2026_009,2026,ARGENTINIEN,Argentinien,,42,28,119,https://www.bundesfinanzministerium.de/Content/DE/Downloads/BMF_Schreiben/Steuerarten/Lohnsteuer/2025-12-05-steuerliche-behandlung-reisekosten-2026.pdf,True
bmf_2026_010,2026,ARMENIEN,Armenien,,29,20,107,https://www.bundesfinanzministerium.de/Content/DE/Downloads/BMF_Schreiben/Steuerarten/Lohnsteuer/2025-12-05-steuerliche-behandlung-reisekosten-2026.pdf,True
bmf_2026_011,2026,ASERBAIDSCHAN,Aserbaidschan,,44,29,88,https://www.bundesfinanzministerium.de/Content/DE/Downloads/BMF_Schreiben/Steuerarten/Lohnsteuer/2025-12-05-steuerliche-behandlung-reisekosten-2026.pdf,True
bmf_2026_012,2026,AUSTRALIEN:CANBERRA,Australien,Canberra,74,49,186,https://www.bundesfinanzministerium.de/Content/DE/Downloads/BMF_Schreiben/Steuerarten/Lohnsteuer/2025-12-05-steuerliche-behandlung-reisekosten-2026.pdf,True
bmf_2026_013,2026,AUSTRALIEN:SYDNEY,Australien,Sydney,57,38,173,https://www.bundesfinanzministerium.de/Content/DE/Downloads/BMF_Schreiben/Steuerarten/Lohnsteuer/2025-12-05-steuerliche-behandlung-reisekosten-2026.pdf,True
bmf_2026_014,2026,AUSTRALIEN,Australien,im Übrigen,57,38,173,https://www.bundesfinanzministerium.de/Content/DE/Downloads/BMF_Schreiben/Steuerarten/Lohnsteuer/2025-12-05-steuerliche-behandlung-reisekosten-2026.pdf,True
bmf_2026_015,2026,BAHRAIN,Bahrain,,48,32,153,https://www.bundesfinanzministerium.de/Content/DE/Downloads/BMF_Schreiben/Steuerarten/Lohnsteuer/2025-12-05-steuerliche-behandlung-reisekosten-2026.pdf,True
bmf_2026_016,2026,BANGLADESCH,Bangladesch,,46,31,189,https://www.bundesfinanzministerium.de/Content/DE/Downloads/BMF_Schreiben/Steuerarten/Lohnsteuer/2025-12-05-steuerliche-behandlung-reisekosten-2026.pdf,True
bmf_2026_017,2026,BARBADOS,Barbados,,54,36,206,https://www.bundesfinanzministerium.de/Content/DE/Downloads/BMF_Schreiben/Steuerarten/Lohnsteuer/2025-12-05-steuerliche-behandlung-reisekosten-2026.pdf,True
bmf_2026_018,2026,BELGIEN,Belgien,,59,40,141,https://www.bundesfinanzministerium.de/Content/DE/Downloads/BMF_Schreiben/Steuerarten/Lohnsteuer/2025-12-05-steuerliche-behandlung-reisekosten-2026.pdf,True
bmf_2026_019,2026,BENIN,Benin,,40,27,168,https://www.bundesfinanzministerium.de/Content/DE/Downloads/BMF_Schreiben/Steuerarten/Lohnsteuer/2025-12-05-steuerliche-behandlung-reisekosten-2026.pdf,True
bmf_2026_020,2026,BHUTAN,Bhutan,,27,18,176,https://www.bundesfinanzministerium.de/Content/DE/Downloads/BMF_Schreiben/Steuerarten/Lohnsteuer/2025-12-05-steuerliche-behandlung-reisekosten-2026.pdf,True
bmf_2026_021,2026,BOLIVIEN,Bolivien,,46,31,108,https://www.bundesfinanzministerium.de/Content/DE/Downloads/BMF_Schreiben/Steuerarten/Lohnsteuer/2025-12-05-steuerliche-behandlung-reisekosten-2026.pdf,True
bmf_2026_022,2026,BOSNIEN_UND_HERZEGOWINA,Bosnien und Herzegowina,,32,21,109,https://www.bundesfinanzministerium.de/Content/DE/Downloads/BMF_Schreiben/Steuerarten/Lohnsteuer/2025-12-05-steuerliche-behandlung-reisekosten-2026.pdf,True
bmf_2026_023,2026,BOTSUANA,Botsuana,,40,27,105,https://www.bundesfinanzministerium.de/Content/DE/Downloads/BMF_Schreiben/Steuerarten/Lohnsteuer/2025-12-05-steuerliche-behandlung-reisekosten-2026.pdf,True
bmf_2026_024,2026,BRASILIEN:BRASILIA,Brasilien,Brasilia,51,34,88,https://www.bundesfinanzministerium.de/Content/DE/Downloads/BMF_Schreiben/Steuerarten/Lohnsteuer/2025-12-05-steuerliche-behandlung-reisekosten-2026.pdf,True
bmf_2026_025,2026,BRASILIEN:RIO_DE_JANEIRO,Brasilien,Rio de Janeiro,69,46,140,https://www.bundesfinanzministerium.de/Content/DE/Downloads/BMF_Schreiben/Steuerarten/Lohnsteuer/2025-12-05-steuerliche-behandlung-reisekosten-2026.pdf,True
bmf_2026_026,2026,BRASILIEN:SAO_PAULO,Brasilien,Sao Paulo,46,31,151,https://www.bundesfinanzministerium.de/Content/DE/Downloads/BMF_Schreiben/Steuerarten/Lohnsteuer/2025-12-05-steuerliche-behandlung-reisekosten-2026.pdf,True
bmf_2026_027,2026,BRASILIEN,Brasilien,im Übrigen,46,31,88,https://www.bundesfinanzministerium.de/Content/DE/Downloads/BMF_Schreiben/Steuerarten/Lohnsteuer/2025-12-05-steuerliche-behandlung-reisekosten-2026.pdf,True
bmf_2026_028,2026,BRUNEI,Brunei,,45,30,110,https://www.bundesfinanzministerium.de/Content/DE/Downloads/BMF_Schreiben/Steuerarten/Lohnsteuer/2025-12-05-steuerliche-behandlung-reisekosten-2026.pdf,True
bmf_2026_029,2026,BULGARIEN,Bulgarien,,38,25,109,https://www.bundesfinanzministerium.de/Content/DE/Downloads/BMF_Schreiben/Steuerarten/Lohnsteuer/2025-12-05-steuerliche-behandlung-reisekosten-2026.pdf,True
bmf_2026_030,2026,BURKINA_FASO,Burkina Faso,,39,26,230,https://www.bundesfinanzministerium.de/Content/DE/Downloads/BMF_Schreiben/Steuerarten/Lohnsteuer/2025-12-05-steuerliche-behandlung-reisekosten-2026.pdf,True
bmf_2026_031,2026,BURUNDI,Burundi,,58,39,102,https://www.bundesfinanzministerium.de/Content/DE/Downloads/BMF_Schreiben/Steuerarten/Lohnsteuer/2025-12-05-steuerliche-behandlung-reisekosten-2026.pdf,True
bmf_2026_032,2026,CHILE,Chile,,44,29,154,https://www.bundesfinanzministerium.de/Content/DE/Downloads/BMF_Schreiben/Steuerarten/Lohnsteuer/2025-12-05-steuerliche-behandlung-reisekosten-2026.pdf,True
bmf_2026_033,2026,CN:HONGKONG,China,Hongkong,83,56,209,https://www.bundesfinanzministerium.de/Content/DE/Downloads/BMF_Schreiben/Steuerarten/Lohnsteuer/2025-12-05-steuerliche-behandlung-reisekosten-2026.pdf,True
bmf_2026_034,2026,CN:PEKING,China,Peking,57,38,184,https://www.bundesfinanzministerium.de/Content/DE/Downloads/BMF_Schreiben/Steuerarten/Lohnsteuer/2025-12-05-steuerliche-behandlung-reisekosten-2026.pdf,True
bmf_2026_035,2026,CN:SHANGHAI,China,Shanghai,48,32,142,https://www.bundesfinanzministerium.de/Content/DE/Downloads/BMF_Schreiben/Steuerarten/Lohnsteuer/2025-12-05-steuerliche-behandlung-reisekosten-2026.pdf,True
bmf_2026_036,2026,CN,China,im Übrigen,48,32,142,https://www.bundesfinanzministerium.de/Content/DE/Downloads/BMF_Schreiben/Steuerarten/Lohnsteuer/2025-12-05-steuerliche-behandlung-reisekosten-2026.pdf,True
bmf_2026_037,2026,COSTA_RICA,Costa Rica,,60,40,127,https://www.bundesfinanzministerium.de/Content/DE/Downloads/BMF_Schreiben/Steuerarten/Lohnsteuer/2025-12-05-steuerliche-behandlung-reisekosten-2026.pdf,True
bmf_2026_038,2026,COTE_DIVOIRE,Côte d’Ivoire,,60,40,171,https://www.bundesfinanzministerium.de/Content/DE/Downloads/BMF_Schreiben/Steuerarten/Lohnsteuer/2025-12-05-steuerliche-behandlung-reisekosten-2026.pdf,True
bmf_2026_039,2026,DANEMARK,Dänemark,,75,50,183,https://www.bundesfinanzministerium.de/Content/DE/Downloads/BMF_Schreiben/Steuerarten/Lohnsteuer/2025-12-05-steuerliche-behandlung-reisekosten-2026.pdf,True
bmf_2026_040,2026,DOMINIKANISCHE_REPUBLIK,Dominikanische Republik,,50,33,167,https://www.bundesfinanzministerium.de/Content/DE/Downloads/BMF_Schreiben/Steuerarten/Lohnsteuer/2025-12-05-steuerliche-behandlung-reisekosten-2026.pdf,True
bmf_2026_041,2026,DSCHIBUTI,Dschibuti,,77,52,255,https://www.bundesfinanzministerium.de/Content/DE/Downloads/BMF_Schreiben/Steuerarten/Lohnsteuer/2025-12-05-steuerliche-behandlung-reisekosten-2026.pdf,True
bmf_2026_042,2026,ECUADOR,Ecuador,,27,18,103,https://www.bundesfinanzministerium.de/Content/DE/Downloads/BMF_Schreiben/Steuerarten/Lohnsteuer/2025-12-05-steuerliche-behandlung-reisekosten-2026.pdf,True
bmf_2026_043,2026,EL_SALVADOR,El Salvador,,65,44,161,https://www.bundesfinanzministerium.de/Content/DE/Downloads/BMF_Schreiben/Steuerarten/Lohnsteuer/2025-12-05-steuerliche-behandlung-reisekosten-2026.pdf,True
bmf_2026_044,2026,ERITREA,Eritrea,,46,31,78,https://www.bundesfinanzministerium.de/Content/DE/Downloads/BMF_Schreiben/Steuerarten/Lohnsteuer/2025-12-05-steuerliche-behandlung-reisekosten-2026.pdf,True
bmf_2026_045,2026,ESTLAND,Estland,,39,26,125,https://www.bundesfinanzministerium.de/Content/DE/Downloads/BMF_Schreiben/Steuerarten/Lohnsteuer/2025-12-05-steuerliche-behandlung-reisekosten-2026.pdf,True
bmf_2026_046,2026,FIDSCHI,Fidschi,,32,21,183,https://www.bundesfinanzministerium.de/Content/DE/Downloads/BMF_Schreiben/Steuerarten/Lohnsteuer/2025-12-05-steuerliche-behandlung-reisekosten-2026.pdf,True
bmf_2026_047,2026,FINNLAND,Finnland,,54,36,171,https://www.bundesfinanzministerium.de/Content/DE/Downloads/BMF_Schreiben/Steuerarten/Lohnsteuer/2025-12-05-steuerliche-behandlung-reisekosten-2026.pdf,True
bmf_2026_048,2026,FR:PARIS_SOWIE_DIE_DEPARTMENTS_77_78_91_BIS_95,Frankreich,"Paris sowie die Departments 77, 78, 91 bis 95",58,39,159,https://www.bundesfinanzministerium.de/Content/DE/Downloads/BMF_Schreiben/Steuerarten/Lohnsteuer/2025-12-05-steuerliche-behandlung-reisekosten-2026.pdf,True
bmf_2026_049,2026,FR,Frankreich,im Übrigen,53,36,105,https://www.bundesfinanzministerium.de/Content/DE/Downloads/BMF_Schreiben/Steuerarten/Lohnsteuer/2025-12-05-steuerliche-behandlung-reisekosten-2026.pdf,True
bmf_2026_050,2026,GABUN,Gabun,,64,43,263,https://www.bundesfinanzministerium.de/Content/DE/Downloads/BMF_Schreiben/Steuerarten/Lohnsteuer/2025-12-05-steuerliche-behandlung-reisekosten-2026.pdf,True
bmf_2026_051,2026,GAMBIA,Gambia,,40,27,161,https://www.bundesfinanzministerium.de/Content/DE/Downloads/BMF_Schreiben/Steuerarten/Lohnsteuer/2025-12-05-steuerliche-behandlung-reisekosten-2026.pdf,True
bmf_2026_052,2026,GEORGIEN,Georgien,,45,30,87,https://www.bundesfinanzministerium.de/Content/DE/Downloads/BMF_Schreiben/Steuerarten/Lohnsteuer/2025-12-05-steuerliche-behandlung-reisekosten-2026.pdf,True
bmf_2026_053,2026,GHANA,Ghana,,46,31,203,https://www.bundesfinanzministerium.de/Content/DE/Downloads/BMF_Schreiben/Steuerarten/Lohnsteuer/2025-12-05-steuerliche-behandlung-reisekosten-2026.pdf,True
bmf_2026_054,2026,GRIECHENLAND:ATHEN,Griechenland,Athen,40,27,139,https://www.bundesfinanzministerium.de/Content/DE/Downloads/BMF_Schreiben/Steuerarten/Lohnsteuer/2025-12-05-steuerliche-behandlung-reisekosten-2026.pdf,True
bmf_2026_055,2026,GRIECHENLAND,Griechenland,im Übrigen,36,24,150,https://www.bundesfinanzministerium.de/Content/DE/Downloads/BMF_Schreiben/Steuerarten/Lohnsteuer/2025-12-05-steuerliche-behandlung-reisekosten-2026.pdf,True
bmf_2026_056,2026,GUATEMALA,Guatemala,,46,31,124,https://www.bundesfinanzministerium.de/Content/DE/Downloads/BMF_Schreiben/Steuerarten/Lohnsteuer/2025-12-05-steuerliche-behandlung-reisekosten-2026.pdf,True
bmf_2026_057,2026,GUINEA,Guinea,,59,40,140,https://www.bundesfinanzministerium.de/Content/DE/Downloads/BMF_Schreiben/Steuerarten/Lohnsteuer/2025-12-05-steuerliche-behandlung-reisekosten-2026.pdf,True
bmf_2026_058,2026,GUINEA_BISSAU,Guinea-Bissau,,32,21,113,https://www.bundesfinanzministerium.de/Content/DE/Downloads/BMF_Schreiben/Steuerarten/Lohnsteuer/2025-12-05-steuerliche-behandlung-reisekosten-2026.pdf,True
bmf_2026_059,2026,HONDURAS,Honduras,,57,38,198,https://www.bundesfinanzministerium.de/Content/DE/Downloads/BMF_Schreiben/Steuerarten/Lohnsteuer/2025-12-05-steuerliche-behandlung-reisekosten-2026.pdf,True
bmf_2026_060,2026,INDIEN:BANGALORE,Indien,Bangalore,42,28,155,https://www.bundesfinanzministerium.de/Content/DE/Downloads/BMF_Schreiben/Steuerarten/Lohnsteuer/2025-12-05-steuerliche-behandlung-reisekosten-2026.pdf,True
bmf_2026_061,2026,INDIEN:CHENNAI,Indien,Chennai,22,15,80,https://www.bundesfinanzministerium.de/Content/DE/Downloads/BMF_Schreiben/Steuerarten/Lohnsteuer/2025-12-05-steuerliche-behandlung-reisekosten-2026.pdf,True
bmf_2026_062,2026,INDIEN:KALKUTTA,Indien,Kalkutta,32,21,167,https://www.bundesfinanzministerium.de/Content/DE/Downloads/BMF_Schreiben/Steuerarten/Lohnsteuer/2025-12-05-steuerliche-behandlung-reisekosten-2026.pdf,True
bmf_2026_063,2026,INDIEN:MUMBAI,Indien,Mumbai,53,36,218,https://www.bundesfinanzministerium.de/Content/DE/Downloads/BMF_Schreiben/Steuerarten/Lohnsteuer/2025-12-05-steuerliche-behandlung-reisekosten-2026.pdf,True
bmf_2026_064,2026,INDIEN:NEU_DELHI,Indien,Neu Delhi,46,31,211,https://www.bundesfinanzministerium.de/Content/DE/Downloads/BMF_Schreiben/Steuerarten/Lohnsteuer/2025-12-05-steuerliche-behandlung-reisekosten-2026.pdf,True
bmf_2026_065,2026,INDIEN,Indien,im Übrigen,22,15,80,https://www.bundesfinanzministerium.de/Content/DE/Downloads/BMF_Schreiben/Steuerarten/Lohnsteuer/2025-12-05-steuerliche-behandlung-reisekosten-2026.pdf,True
bmf_2026_066,2026,INDONESIEN,Indonesien,,45,30,179,https://www.bundesfinanzministerium.de/Content/DE/Downloads/BMF_Schreiben/Steuerarten/Lohnsteuer/2025-12-05-steuerliche-behandlung-reisekosten-2026.pdf,True
bmf_2026_067,2026,IRAN,Iran,,33,22,196,https://www.bundesfinanzministerium.de/Content/DE/Downloads/BMF_Schreiben/Steuerarten/Lohnsteuer/2025-12-05-steuerliche-behandlung-reisekosten-2026.pdf,True
bmf_2026_068,2026,IRLAND,Irland,,64,43,164,https://www.bundesfinanzministerium.de/Content/DE/Downloads/BMF_Schreiben/Steuerarten/Lohnsteuer/2025-12-05-steuerliche-behandlung-reisekosten-2026.pdf,True
bmf_2026_069,2026,ISLAND,Island,,62,41,187,https://www.bundesfinanzministerium.de/Content/DE/Downloads/BMF_Schreiben/Steuerarten/Lohnsteuer/2025-12-05-steuerliche-behandlung-reisekosten-2026.pdf,True
bmf_2026_070,2026,ISRAEL,Israel,,59,40,268,https://www.bundesfinanzministerium.de/Content/DE/Downloads/BMF_Schreiben/Steuerarten/Lohnsteuer/2025-12-05-steuerliche-behandlung-reisekosten-2026.pdf,True
bmf_2026_071,2026,IT:MAILAND,Italien,Mailand,42,28,191,https://www.bundesfinanzministerium.de/Content/DE/Downloads/BMF_Schreiben/Steuerarten/Lohnsteuer/2025-12-05-steuerliche-behandlung-reisekosten-2026.pdf,True
bmf_2026_072,2026,IT:ROM,Italien,Rom,48,32,150,https://www.bundesfinanzministerium.de/Content/DE/Downloads/BMF_Schreiben/Steuerarten/Lohnsteuer/2025-12-05-steuerliche-behandlung-reisekosten-2026.pdf,True
bmf_2026_073,2026,IT,Italien,im Übrigen,42,28,150,https://www.bundesfinanzministerium.de/Content/DE/Downloads/BMF_Schreiben/Steuerarten/Lohnsteuer/2025-12-05-steuerliche-behandlung-reisekosten-2026.pdf,True
bmf_2026_074,2026,JAMAIKA,Jamaika,,39,26,171,https://www.bundesfinanzministerium.de/Content/DE/Downloads/BMF_Schreiben/Steuerarten/Lohnsteuer/2025-12-05-steuerliche-behandlung-reisekosten-2026.pdf,True
bmf_2026_075,2026,JAPAN:TOKIO,Japan,Tokio,50,33,285,https://www.bundesfinanzministerium.de/Content/DE/Downloads/BMF_Schreiben/Steuerarten/Lohnsteuer/2025-12-05-steuerliche-behandlung-reisekosten-2026.pdf,True
bmf_2026_076,2026,JAPAN:OSAKA,Japan,Osaka,33,22,141,https://www.bundesfinanzministerium.de/Content/DE/Downloads/BMF_Schreiben/Steuerarten/Lohnsteuer/2025-12-05-steuerliche-behandlung-reisekosten-2026.pdf,True
bmf_2026_077,2026,JAPAN,Japan,im Übrigen,33,22,141,https://www.bundesfinanzministerium.de/Content/DE/Downloads/BMF_Schreiben/Steuerarten/Lohnsteuer/2025-12-05-steuerliche-behandlung-reisekosten-2026.pdf,True
bmf_2026_078,2026,JORDANIEN,Jordanien,,57,38,134,https://www.bundesfinanzministerium.de/Content/DE/Downloads/BMF_Schreiben/Steuerarten/Lohnsteuer/2025-12-05-steuerliche-behandlung-reisekosten-2026.pdf,True
bmf_2026_079,2026,KAMBODSCHA,Kambodscha,,42,28,108,https://www.bundesfinanzministerium.de/Content/DE/Downloads/BMF_Schreiben/Steuerarten/Lohnsteuer/2025-12-05-steuerliche-behandlung-reisekosten-2026.pdf,True
bmf_2026_080,2026,KAMERUN,Kamerun,,56,37,275,https://www.bundesfinanzministerium.de/Content/DE/Downloads/BMF_Schreiben/Steuerarten/Lohnsteuer/2025-12-05-steuerliche-behandlung-reisekosten-2026.pdf,True
bmf_2026_081,2026,KANADA:OTTAWA,Kanada,Ottawa,62,41,214,https://www.bundesfinanzministerium.de/Content/DE/Downloads/BMF_Schreiben/Steuerarten/Lohnsteuer/2025-12-05-steuerliche-behandlung-reisekosten-2026.pdf,True
bmf_2026_082,2026,KANADA:TORONTO,Kanada,Toronto,54,36,392,https://www.bundesfinanzministerium.de/Content/DE/Downloads/BMF_Schreiben/Steuerarten/Lohnsteuer/2025-12-05-steuerliche-behandlung-reisekosten-2026.pdf,True
bmf_2026_083,2026,KANADA:VANCOUVER,Kanada,Vancouver,63,42,304,https://www.bundesfinanzministerium.de/Content/DE/Downloads/BMF_Schreiben/Steuerarten/Lohnsteuer/2025-12-05-steuerliche-behandlung-reisekosten-2026.pdf,True
bmf_2026_084,2026,KANADA,Kanada,im Übrigen,54,36,214,https://www.bundesfinanzministerium.de/Content/DE/Downloads/BMF_Schreiben/Steuerarten/Lohnsteuer/2025-12-05-steuerliche-behandlung-reisekosten-2026.pdf,True
bmf_2026_085,2026,KAP_VERDE,Kap Verde,,38,25,90,https://www.bundesfinanzministerium.de/Content/DE/Downloads/BMF_Schreiben/Steuerarten/Lohnsteuer/2025-12-05-steuerliche-behandlung-reisekosten-2026.pdf,True
bmf_2026_086,2026,KASACHSTAN,Kasachstan,,33,22,108,https://www.bundesfinanzministerium.de/Content/DE/Downloads/BMF_Schreiben/Steuerarten/Lohnsteuer/2025-12-05-steuerliche-behandlung-reisekosten-2026.pdf,True
bmf_2026_087,2026,KATAR,Katar,,81,54,128,https://www.bundesfinanzministerium.de/Content/DE/Downloads/BMF_Schreiben/Steuerarten/Lohnsteuer/2025-12-05-steuerliche-behandlung-reisekosten-2026.pdf,True
bmf_2026_088,2026,KENIA,Kenia,,48,32,217,https://www.bundesfinanzministerium.de/Content/DE/Downloads/BMF_Schreiben/Steuerarten/Lohnsteuer/2025-12-05-steuerliche-behandlung-reisekosten-2026.pdf,True
bmf_2026_089,2026,KIRGISISTAN,Kirgisistan,,35,24,80,https://www.bundesfinanzministerium.de/Content/DE/Downloads/BMF_Schreiben/Steuerarten/Lohnsteuer/2025-12-05-steuerliche-behandlung-reisekosten-2026.pdf,True
bmf_2026_090,2026,KOLUMBIEN,Kolumbien,,34,23,123,https://www.bundesfinanzministerium.de/Content/DE/Downloads/BMF_Schreiben/Steuerarten/Lohnsteuer/2025-12-05-steuerliche-behandlung-reisekosten-2026.pdf,True
bmf_2026_091,2026,KONGO_REPUBLIK,"Kongo, Republik",,53,36,215,https://www.bundesfinanzministerium.de/Content/DE/Downloads/BMF_Schreiben/Steuerarten/Lohnsteuer/2025-12-05-steuerliche-behandlung-reisekosten-2026.pdf,True
bmf_2026_092,2026,KONGO_DEMOKRATISCHE_REPUBLIK,"Kongo, Demokratische Republik",,65,44,337,https://www.bundesfinanzministerium.de/Content/DE/Downloads/BMF_Schreiben/Steuerarten/Lohnsteuer/2025-12-05-steuerliche-behandlung-reisekosten-2026.pdf,True
bmf_2026_093,2026,KOREA_REPUBLIK,"Korea, Republik",,39,26,130,https://www.bundesfinanzministerium.de/Content/DE/Downloads/BMF_Schreiben/Steuerarten/Lohnsteuer/2025-12-05-steuerliche-behandlung-reisekosten-2026.pdf,True
bmf_2026_094,2026,KOSOVO,Kosovo,,24,16,71,https://www.bundesfinanzministerium.de/Content/DE/Downloads/BMF_Schreiben/Steuerarten/Lohnsteuer/2025-12-05-steuerliche-behandlung-reisekosten-2026.pdf,True
bmf_2026_095,2026,KROATIEN,Kroatien,,46,31,191,https://www.bundesfinanzministerium.de/Content/DE/Downloads/BMF_Schreiben/Steuerarten/Lohnsteuer/2025-12-05-steuerliche-behandlung-reisekosten-2026.pdf,True
bmf_2026_096,2026,KUBA,Kuba,,51,34,170,https://www.bundesfinanzministerium.de/Content/DE/Downloads/BMF_Schreiben/Steuerarten/Lohnsteuer/2025-12-05-steuerliche-behandlung-reisekosten-2026.pdf,True
bmf_2026_097,2026,KUWAIT,Kuwait,,63,42,224,https://www.bundesfinanzministerium.de/Content/DE/Downloads/BMF_Schreiben/Steuerarten/Lohnsteuer/2025-12-05-steuerliche-behandlung-reisekosten-2026.pdf,True
bmf_2026_098,2026,LAOS,Laos,,35,24,71,https://www.bundesfinanzministerium.de/Content/DE/Downloads/BMF_Schreiben/Steuerarten/Lohnsteuer/2025-12-05-steuerliche-behandlung-reisekosten-2026.pdf,True
bmf_2026_099,2026,LESOTHO,Lesotho,,28,19,104,https://www.bundesfinanzministerium.de/Content/DE/Downloads/BMF_Schreiben/Steuerarten/Lohnsteuer/2025-12-05-steuerliche-behandlung-reisekosten-2026.pdf,True
bmf_2026_100,2026,LETTLAND,Lettland,,46,31,119,https://www.bundesfinanzministerium.de/Content/DE/Downloads/BMF_Schreiben/Steuerarten/Lohnsteuer/2025-12-05-steuerliche-behandlung-reisekosten-2026.pdf,True
bmf_2026_101,2026,LIBANON,Libanon,,69,46,146,https://www.bundesfinanzministerium.de/Content/DE/Downloads/BMF_Schreiben/Steuerarten/Lohnsteuer/2025-12-05-steuerliche-behandlung-reisekosten-2026.pdf,True
bmf_2026_102,2026,LIBERIA,Liberia,,65,44,173,https://www.bundesfinanzministerium.de/Content/DE/Downloads/BMF_Schreiben/Steuerarten/Lohnsteuer/2025-12-05-steuerliche-behandlung-reisekosten-2026.pdf,True
bmf_2026_103,2026,LIECHTENSTEIN,Liechtenstein,,57,38,234,https://www.bundesfinanzministerium.de/Content/DE/Downloads/BMF_Schreiben/Steuerarten/Lohnsteuer/2025-12-05-steuerliche-behandlung-reisekosten-2026.pdf,True
bmf_2026_104,2026,LITAUEN,Litauen,,48,32,124,https://www.bundesfinanzministerium.de/Content/DE/Downloads/BMF_Schreiben/Steuerarten/Lohnsteuer/2025-12-05-steuerliche-behandlung-reisekosten-2026.pdf,True
bmf_2026_105,2026,LUXEMBURG,Luxemburg,,63,42,139,https://www.bundesfinanzministerium.de/Content/DE/Downloads/BMF_Schreiben/Steuerarten/Lohnsteuer/2025-12-05-steuerliche-behandlung-reisekosten-2026.pdf,True
bmf_2026_106,2026,MADAGASKAR,Madagaskar,,33,22,116,https://www.bundesfinanzministerium.de/Content/DE/Downloads/BMF_Schreiben/Steuerarten/Lohnsteuer/2025-12-05-steuerliche-behandlung-reisekosten-2026.pdf,True
bmf_2026_107,2026,MALAWI,Malawi,,41,28,109,https://www.bundesfinanzministerium.de/Content/DE/Downloads/BMF_Schreiben/Steuerarten/Lohnsteuer/2025-12-05-steuerliche-behandlung-reisekosten-2026.pdf,True
bmf_2026_108,2026,MALAYSIA,Malaysia,,36,24,86,https://www.bundesfinanzministerium.de/Content/DE/Downloads/BMF_Schreiben/Steuerarten/Lohnsteuer/2025-12-05-steuerliche-behandlung-reisekosten-2026.pdf,True
bmf_2026_109,2026,MALEDIVEN,Malediven,,70,47,200,https://www.bundesfinanzministerium.de/Content/DE/Downloads/BMF_Schreiben/Steuerarten/Lohnsteuer/2025-12-05-steuerliche-behandlung-reisekosten-2026.pdf,True
bmf_2026_110,2026,MALI,Mali,,42,28,141,https://www.bundesfinanzministerium.de/Content/DE/Downloads/BMF_Schreiben/Steuerarten/Lohnsteuer/2025-12-05-steuerliche-behandlung-reisekosten-2026.pdf,True
bmf_2026_111,2026,MALTA,Malta,,59,40,191,https://www.bundesfinanzministerium.de/Content/DE/Downloads/BMF_Schreiben/Steuerarten/Lohnsteuer/2025-12-05-steuerliche-behandlung-reisekosten-2026.pdf,True
bmf_2026_112,2026,MAROKKO,Marokko,,41,28,87,https://www.bundesfinanzministerium.de/Content/DE/Downloads/BMF_Schreiben/Steuerarten/Lohnsteuer/2025-12-05-steuerliche-behandlung-reisekosten-2026.pdf,True
bmf_2026_113,2026,MARSHALL_INSELN,Marshall Inseln,,45,30,112,https://www.bundesfinanzministerium.de/Content/DE/Downloads/BMF_Schreiben/Steuerarten/Lohnsteuer/2025-12-05-steuerliche-behandlung-reisekosten-2026.pdf,True
bmf_2026_114,2026,MAURETANIEN,Mauretanien,,35,24,86,https://www.bundesfinanzministerium.de/Content/DE/Downloads/BMF_Schreiben/Steuerarten/Lohnsteuer/2025-12-05-steuerliche-behandlung-reisekosten-2026.pdf,True
bmf_2026_115,2026,MAURITIUS,Mauritius,,44,29,172,https://www.bundesfinanzministerium.de/Content/DE/Downloads/BMF_Schreiben/Steuerarten/Lohnsteuer/2025-12-05-steuerliche-behandlung-reisekosten-2026.pdf,True
bmf_2026_116,2026,MEXIKO,Mexiko,,40,27,337,https://www.bundesfinanzministerium.de/Content/DE/Downloads/BMF_Schreiben/Steuerarten/Lohnsteuer/2025-12-05-steuerliche-behandlung-reisekosten-2026.pdf,True
bmf_2026_117,2026,MOLDAU_REPUBLIK,"Moldau, Republik",,26,17,73,https://www.bundesfinanzministerium.de/Content/DE/Downloads/BMF_Schreiben/Steuerarten/Lohnsteuer/2025-12-05-steuerliche-behandlung-reisekosten-2026.pdf,True
bmf_2026_118,2026,MONACO,Monaco,,52,35,187,https://www.bundesfinanzministerium.de/Content/DE/Downloads/BMF_Schreiben/Steuerarten/Lohnsteuer/2025-12-05-steuerliche-behandlung-reisekosten-2026.pdf,True
bmf_2026_119,2026,MONGOLEI,Mongolei,,23,16,92,https://www.bundesfinanzministerium.de/Content/DE/Downloads/BMF_Schreiben/Steuerarten/Lohnsteuer/2025-12-05-steuerliche-behandlung-reisekosten-2026.pdf,True
bmf_2026_120,2026,MONTENEGRO,Montenegro,,32,21,85,https://www.bundesfinanzministerium.de/Content/DE/Downloads/BMF_Schreiben/Steuerarten/Lohnsteuer/2025-12-05-steuerliche-behandlung-reisekosten-2026.pdf,True
bmf_2026_121,2026,MOSAMBIK,Mosambik,,51,34,208,https://www.bundesfinanzministerium.de/Content/DE/Downloads/BMF_Schreiben/Steuerarten/Lohnsteuer/2025-12-05-steuerliche-behandlung-reisekosten-2026.pdf,True
bmf_2026_122,2026,MYANMAR,Myanmar,,23,16,103,https://www.bundesfinanzministerium.de/Content/DE/Downloads/BMF_Schreiben/Steuerarten/Lohnsteuer/2025-12-05-steuerliche-behandlung-reisekosten-2026.pdf,True
bmf_2026_123,2026,NAMIBIA,Namibia,,28,19,146,https://www.bundesfinanzministerium.de/Content/DE/Downloads/BMF_Schreiben/Steuerarten/Lohnsteuer/2025-12-05-steuerliche-behandlung-reisekosten-2026.pdf,True
bmf_2026_124,2026,NEPAL,Nepal,,33,22,125,https://www.bundesfinanzministerium.de/Content/DE/Downloads/BMF_Schreiben/Steuerarten/Lohnsteuer/2025-12-05-steuerliche-behandlung-reisekosten-2026.pdf,True
bmf_2026_125,2026,NEUSEELAND,Neuseeland,,58,39,148,https://www.bundesfinanzministerium.de/Content/DE/Downloads/BMF_Schreiben/Steuerarten/Lohnsteuer/2025-12-05-steuerliche-behandlung-reisekosten-2026.pdf,True
bmf_2026_126,2026,NICARAGUA,Nicaragua,,46,31,105,https://www.bundesfinanzministerium.de/Content/DE/Downloads/BMF_Schreiben/Steuerarten/Lohnsteuer/2025-12-05-steuerliche-behandlung-reisekosten-2026.pdf,True
bmf_2026_127,2026,NL,Niederlande,,58,39,167,https://www.bundesfinanzministerium.de/Content/DE/Downloads/BMF_Schreiben/Steuerarten/Lohnsteuer/2025-12-05-steuerliche-behandlung-reisekosten-2026.pdf,True
bmf_2026_128,2026,NIGER,Niger,,42,28,131,https://www.bundesfinanzministerium.de/Content/DE/Downloads/BMF_Schreiben/Steuerarten/Lohnsteuer/2025-12-05-steuerliche-behandlung-reisekosten-2026.pdf,True
bmf_2026_129,2026,NIGERIA,Nigeria,,52,35,202,https://www.bundesfinanzministerium.de/Content/DE/Downloads/BMF_Schreiben/Steuerarten/Lohnsteuer/2025-12-05-steuerliche-behandlung-reisekosten-2026.pdf,True
bmf_2026_130,2026,NORDMAZEDONIEN,Nordmazedonien,,27,18,89,https://www.bundesfinanzministerium.de/Content/DE/Downloads/BMF_Schreiben/Steuerarten/Lohnsteuer/2025-12-05-steuerliche-behandlung-reisekosten-2026.pdf,True
bmf_2026_131,2026,NORWEGEN,Norwegen,,75,50,139,https://www.bundesfinanzministerium.de/Content/DE/Downloads/BMF_Schreiben/Steuerarten/Lohnsteuer/2025-12-05-steuerliche-behandlung-reisekosten-2026.pdf,True
bmf_2026_132,2026,AT,Österreich,,50,33,117,https://www.bundesfinanzministerium.de/Content/DE/Downloads/BMF_Schreiben/Steuerarten/Lohnsteuer/2025-12-05-steuerliche-behandlung-reisekosten-2026.pdf,True
bmf_2026_133,2026,OMAN,Oman,,64,43,141,https://www.bundesfinanzministerium.de/Content/DE/Downloads/BMF_Schreiben/Steuerarten/Lohnsteuer/2025-12-05-steuerliche-behandlung-reisekosten-2026.pdf,True
bmf_2026_134,2026,PAKISTAN,Pakistan,,41,28,199,https://www.bundesfinanzministerium.de/Content/DE/Downloads/BMF_Schreiben/Steuerarten/Lohnsteuer/2025-12-05-steuerliche-behandlung-reisekosten-2026.pdf,True
bmf_2026_135,2026,PALAU,Palau,,51,34,193,https://www.bundesfinanzministerium.de/Content/DE/Downloads/BMF_Schreiben/Steuerarten/Lohnsteuer/2025-12-05-steuerliche-behandlung-reisekosten-2026.pdf,True
bmf_2026_136,2026,PANAMA,Panama,,41,28,82,https://www.bundesfinanzministerium.de/Content/DE/Downloads/BMF_Schreiben/Steuerarten/Lohnsteuer/2025-12-05-steuerliche-behandlung-reisekosten-2026.pdf,True
bmf_2026_137,2026,PAPUA_NEUGUINEA,Papua-Neuguinea,,59,40,159,https://www.bundesfinanzministerium.de/Content/DE/Downloads/BMF_Schreiben/Steuerarten/Lohnsteuer/2025-12-05-steuerliche-behandlung-reisekosten-2026.pdf,True
bmf_2026_138,2026,PARAGUAY,Paraguay,,39,26,124,https://www.bundesfinanzministerium.de/Content/DE/Downloads/BMF_Schreiben/Steuerarten/Lohnsteuer/2025-12-05-steuerliche-behandlung-reisekosten-2026.pdf,True
bmf_2026_139,2026,PERU,Peru,,52,35,128,https://www.bundesfinanzministerium.de/Content/DE/Downloads/BMF_Schreiben/Steuerarten/Lohnsteuer/2025-12-05-steuerliche-behandlung-reisekosten-2026.pdf,True
bmf_2026_140,2026,PHILIPPINEN,Philippinen,,41,28,140,https://www.bundesfinanzministerium.de/Content/DE/Downloads/BMF_Schreiben/Steuerarten/Lohnsteuer/2025-12-05-steuerliche-behandlung-reisekosten-2026.pdf,True
bmf_2026_141,2026,POLEN:BRESLAU,Polen,Breslau,34,23,124,https://www.bundesfinanzministerium.de/Content/DE/Downloads/BMF_Schreiben/Steuerarten/Lohnsteuer/2025-12-05-steuerliche-behandlung-reisekosten-2026.pdf,True
bmf_2026_142,2026,POLEN:WARSCHAU,Polen,Warschau,40,27,143,https://www.bundesfinanzministerium.de/Content/DE/Downloads/BMF_Schreiben/Steuerarten/Lohnsteuer/2025-12-05-steuerliche-behandlung-reisekosten-2026.pdf,True
bmf_2026_143,2026,POLEN,Polen,im Übrigen,34,23,124,https://www.bundesfinanzministerium.de/Content/DE/Downloads/BMF_Schreiben/Steuerarten/Lohnsteuer/2025-12-05-steuerliche-behandlung-reisekosten-2026.pdf,True
bmf_2026_144,2026,PORTUGAL,Portugal,,32,21,111,https://www.bundesfinanzministerium.de/Content/DE/Downloads/BMF_Schreiben/Steuerarten/Lohnsteuer/2025-12-05-steuerliche-behandlung-reisekosten-2026.pdf,True
bmf_2026_145,2026,RUANDA,Ruanda,,44,29,117,https://www.bundesfinanzministerium.de/Content/DE/Downloads/BMF_Schreiben/Steuerarten/Lohnsteuer/2025-12-05-steuerliche-behandlung-reisekosten-2026.pdf,True
bmf_2026_146,2026,RUMANIEN,Rumänien,,38,25,103,https://www.bundesfinanzministerium.de/Content/DE/Downloads/BMF_Schreiben/Steuerarten/Lohnsteuer/2025-12-05-steuerliche-behandlung-reisekosten-2026.pdf,True
bmf_2026_147,2026,RUSSISCHE_FODERATION:MOSKAU,Russische Föderation,Moskau,30,20,235,https://www.bundesfinanzministerium.de/Content/DE/Downloads/BMF_Schreiben/Steuerarten/Lohnsteuer/2025-12-05-steuerliche-behandlung-reisekosten-2026.pdf,True
bmf_2026_148,2026,RUSSISCHE_FODERATION:ST_PETERSBURG,Russische Föderation,St. Petersburg,28,19,133,https://www.bundesfinanzministerium.de/Content/DE/Downloads/BMF_Schreiben/Steuerarten/Lohnsteuer/2025-12-05-steuerliche-behandlung-reisekosten-2026.pdf,True
bmf_2026_149,2026,RUSSISCHE_FODERATION,Russische Föderation,im Übrigen,28,19,133,https://www.bundesfinanzministerium.de/Content/DE/Downloads/BMF_Schreiben/Steuerarten/Lohnsteuer/2025-12-05-steuerliche-behandlung-reisekosten-2026.pdf,True
bmf_2026_150,2026,SAMBIA,Sambia,,38,25,105,https://www.bundesfinanzministerium.de/Content/DE/Downloads/BMF_Schreiben/Steuerarten/Lohnsteuer/2025-12-05-steuerliche-behandlung-reisekosten-2026.pdf,True
bmf_2026_151,2026,SAMOA,Samoa,,39,26,105,https://www.bundesfinanzministerium.de/Content/DE/Downloads/BMF_Schreiben/Steuerarten/Lohnsteuer/2025-12-05-steuerliche-behandlung-reisekosten-2026.pdf,True
bmf_2026_152,2026,SAN_MARINO,San Marino,,34,23,79,https://www.bundesfinanzministerium.de/Content/DE/Downloads/BMF_Schreiben/Steuerarten/Lohnsteuer/2025-12-05-steuerliche-behandlung-reisekosten-2026.pdf,True
bmf_2026_153,2026,SAO_TOME_PRINCIPE,São Tomé – Príncipe,,36,24,147,https://www.bundesfinanzministerium.de/Content/DE/Downloads/BMF_Schreiben/Steuerarten/Lohnsteuer/2025-12-05-steuerliche-behandlung-reisekosten-2026.pdf,True
bmf_2026_154,2026,SAUDI_ARABIEN:DJIDDA,Saudi-Arabien,Djidda,57,38,181,https://www.bundesfinanzministerium.de/Content/DE/Downloads/BMF_Schreiben/Steuerarten/Lohnsteuer/2025-12-05-steuerliche-behandlung-reisekosten-2026.pdf,True
bmf_2026_155,2026,SAUDI_ARABIEN:RIAD,Saudi-Arabien,Riad,56,37,186,https://www.bundesfinanzministerium.de/Content/DE/Downloads/BMF_Schreiben/Steuerarten/Lohnsteuer/2025-12-05-steuerliche-behandlung-reisekosten-2026.pdf,True
bmf_2026_156,2026,SAUDI_ARABIEN,Saudi-Arabien,im Übrigen,56,37,181,https://www.bundesfinanzministerium.de/Content/DE/Downloads/BMF_Schreiben/Steuerarten/Lohnsteuer/2025-12-05-steuerliche-behandlung-reisekosten-2026.pdf,True
bmf_2026_157,2026,SCHWEDEN,Schweden,,66,44,140,https://www.bundesfinanzministerium.de/Content/DE/Downloads/BMF_Schreiben/Steuerarten/Lohnsteuer/2025-12-05-steuerliche-behandlung-reisekosten-2026.pdf,True
bmf_2026_158,2026,CH:BERN,Schweiz,Bern,82,55,195,https://www.bundesfinanzministerium.de/Content/DE/Downloads/BMF_Schreiben/Steuerarten/Lohnsteuer/2025-12-05-steuerliche-behandlung-reisekosten-2026.pdf,True
bmf_2026_159,2026,CH:GENF,Schweiz,Genf,70,47,197,https://www.bundesfinanzministerium.de/Content/DE/Downloads/BMF_Schreiben/Steuerarten/Lohnsteuer/2025-12-05-steuerliche-behandlung-reisekosten-2026.pdf,True
bmf_2026_160,2026,CH,Schweiz,im Übrigen,70,47,195,https://www.bundesfinanzministerium.de/Content/DE/Downloads/BMF_Schreiben/Steuerarten/Lohnsteuer/2025-12-05-steuerliche-behandlung-reisekosten-2026.pdf,True
bmf_2026_161,2026,SENEGAL,Senegal,,48,32,160,https://www.bundesfinanzministerium.de/Content/DE/Downloads/BMF_Schreiben/Steuerarten/Lohnsteuer/2025-12-05-steuerliche-behandlung-reisekosten-2026.pdf,True
bmf_2026_162,2026,SERBIEN,Serbien,,27,18,97,https://www.bundesfinanzministerium.de/Content/DE/Downloads/BMF_Schreiben/Steuerarten/Lohnsteuer/2025-12-05-steuerliche-behandlung-reisekosten-2026.pdf,True
bmf_2026_163,2026,SIERRA_LEONE,Sierra Leone,,57,38,145,https://www.bundesfinanzministerium.de/Content/DE/Downloads/BMF_Schreiben/Steuerarten/Lohnsteuer/2025-12-05-steuerliche-behandlung-reisekosten-2026.pdf,True
bmf_2026_164,2026,SIMBABWE,Simbabwe,,63,42,198,https://www.bundesfinanzministerium.de/Content/DE/Downloads/BMF_Schreiben/Steuerarten/Lohnsteuer/2025-12-05-steuerliche-behandlung-reisekosten-2026.pdf,True
bmf_2026_165,2026,SINGAPUR,Singapur,,71,48,277,https://www.bundesfinanzministerium.de/Content/DE/Downloads/BMF_Schreiben/Steuerarten/Lohnsteuer/2025-12-05-steuerliche-behandlung-reisekosten-2026.pdf,True
bmf_2026_166,2026,SLOWAKISCHE_REPUBLIK,Slowakische Republik,,33,22,121,https://www.bundesfinanzministerium.de/Content/DE/Downloads/BMF_Schreiben/Steuerarten/Lohnsteuer/2025-12-05-steuerliche-behandlung-reisekosten-2026.pdf,True
bmf_2026_167,2026,SLOWENIEN,Slowenien,,38,25,126,https://www.bundesfinanzministerium.de/Content/DE/Downloads/BMF_Schreiben/Steuerarten/Lohnsteuer/2025-12-05-steuerliche-behandlung-reisekosten-2026.pdf,True
bmf_2026_168,2026,SPANIEN:BARCELONA,Spanien,Barcelona,34,23,144,https://www.bundesfinanzministerium.de/Content/DE/Downloads/BMF_Schreiben/Steuerarten/Lohnsteuer/2025-12-05-steuerliche-behandlung-reisekosten-2026.pdf,True
bmf_2026_169,2026,SPANIEN:KANARISCHE_INSELN,Spanien,Kanarische Inseln,36,24,103,https://www.bundesfinanzministerium.de/Content/DE/Downloads/BMF_Schreiben/Steuerarten/Lohnsteuer/2025-12-05-steuerliche-behandlung-reisekosten-2026.pdf,True
bmf_2026_170,2026,SPANIEN:MADRID,Spanien,Madrid,42,28,131,https://www.bundesfinanzministerium.de/Content/DE/Downloads/BMF_Schreiben/Steuerarten/Lohnsteuer/2025-12-05-steuerliche-behandlung-reisekosten-2026.pdf,True
bmf_2026_171,2026,SPANIEN:PALMA_DE_MALLORCA,Spanien,Palma de Mallorca,44,29,142,https://www.bundesfinanzministerium.de/Content/DE/Downloads/BMF_Schreiben/Steuerarten/Lohnsteuer/2025-12-05-steuerliche-behandlung-reisekosten-2026.pdf,True
bmf_2026_172,2026,SPANIEN,Spanien,im Übrigen,34,23,103,https://www.bundesfinanzministerium.de/Content/DE/Downloads/BMF_Schreiben/Steuerarten/Lohnsteuer/2025-12-05-steuerliche-behandlung-reisekosten-2026.pdf,True
bmf_2026_173,2026,SRI_LANKA,Sri Lanka,,36,24,112,https://www.bundesfinanzministerium.de/Content/DE/Downloads/BMF_Schreiben/Steuerarten/Lohnsteuer/2025-12-05-steuerliche-behandlung-reisekosten-2026.pdf,True
bmf_2026_174,2026,SUDAFRIKA:KAPSTADT,Südafrika,Kapstadt,33,22,130,https://www.bundesfinanzministerium.de/Content/DE/Downloads/BMF_Schreiben/Steuerarten/Lohnsteuer/2025-12-05-steuerliche-behandlung-reisekosten-2026.pdf,True
bmf_2026_175,2026,SUDAFRIKA:JOHANNESBURG,Südafrika,Johannesburg,36,24,129,https://www.bundesfinanzministerium.de/Content/DE/Downloads/BMF_Schreiben/Steuerarten/Lohnsteuer/2025-12-05-steuerliche-behandlung-reisekosten-2026.pdf,True
bmf_2026_176,2026,SUDAFRIKA,Südafrika,im Übrigen,29,20,109,https://www.bundesfinanzministerium.de/Content/DE/Downloads/BMF_Schreiben/Steuerarten/Lohnsteuer/2025-12-05-steuerliche-behandlung-reisekosten-2026.pdf,True
bmf_2026_177,2026,SUDSUDAN,Südsudan,,51,34,159,https://www.bundesfinanzministerium.de/Content/DE/Downloads/BMF_Schreiben/Steuerarten/Lohnsteuer/2025-12-05-steuerliche-behandlung-reisekosten-2026.pdf,True
bmf_2026_178,2026,TADSCHIKISTAN,Tadschikistan,,27,18,85,https://www.bundesfinanzministerium.de/Content/DE/Downloads/BMF_Schreiben/Steuerarten/Lohnsteuer/2025-12-05-steuerliche-behandlung-reisekosten-2026.pdf,True
bmf_2026_179,2026,TAIWAN,Taiwan,,51,34,174,https://www.bundesfinanzministerium.de/Content/DE/Downloads/BMF_Schreiben/Steuerarten/Lohnsteuer/2025-12-05-steuerliche-behandlung-reisekosten-2026.pdf,True
bmf_2026_180,2026,TANSANIA,Tansania,,44,29,97,https://www.bundesfinanzministerium.de/Content/DE/Downloads/BMF_Schreiben/Steuerarten/Lohnsteuer/2025-12-05-steuerliche-behandlung-reisekosten-2026.pdf,True
bmf_2026_181,2026,THAILAND,Thailand,,36,24,114,https://www.bundesfinanzministerium.de/Content/DE/Downloads/BMF_Schreiben/Steuerarten/Lohnsteuer/2025-12-05-steuerliche-behandlung-reisekosten-2026.pdf,True
bmf_2026_182,2026,TOGO,Togo,,36,24,144,https://www.bundesfinanzministerium.de/Content/DE/Downloads/BMF_Schreiben/Steuerarten/Lohnsteuer/2025-12-05-steuerliche-behandlung-reisekosten-2026.pdf,True
bmf_2026_183,2026,TONGA,Tonga,,29,20,102,https://www.bundesfinanzministerium.de/Content/DE/Downloads/BMF_Schreiben/Steuerarten/Lohnsteuer/2025-12-05-steuerliche-behandlung-reisekosten-2026.pdf,True
bmf_2026_184,2026,TRINIDAD_UND_TOBAGO,Trinidad und Tobago,,66,44,203,https://www.bundesfinanzministerium.de/Content/DE/Downloads/BMF_Schreiben/Steuerarten/Lohnsteuer/2025-12-05-steuerliche-behandlung-reisekosten-2026.pdf,True
bmf_2026_185,2026,TSCHAD,Tschad,,42,28,155,https://www.bundesfinanzministerium.de/Content/DE/Downloads/BMF_Schreiben/Steuerarten/Lohnsteuer/2025-12-05-steuerliche-behandlung-reisekosten-2026.pdf,True
bmf_2026_186,2026,TSCHECHISCHE_REPUBLIK,Tschechische Republik,,32,21,77,https://www.bundesfinanzministerium.de/Content/DE/Downloads/BMF_Schreiben/Steuerarten/Lohnsteuer/2025-12-05-steuerliche-behandlung-reisekosten-2026.pdf,True
bmf_2026_187,2026,TURKEI:ANKARA,Türkei,Ankara,32,21,110,https://www.bundesfinanzministerium.de/Content/DE/Downloads/BMF_Schreiben/Steuerarten/Lohnsteuer/2025-12-05-steuerliche-behandlung-reisekosten-2026.pdf,True
bmf_2026_188,2026,TURKEI:IZMIR,Türkei,Izmir,44,29,120,https://www.bundesfinanzministerium.de/Content/DE/Downloads/BMF_Schreiben/Steuerarten/Lohnsteuer/2025-12-05-steuerliche-behandlung-reisekosten-2026.pdf,True
bmf_2026_189,2026,TURKEI,Türkei,im Übrigen,24,16,107,https://www.bundesfinanzministerium.de/Content/DE/Downloads/BMF_Schreiben/Steuerarten/Lohnsteuer/2025-12-05-steuerliche-behandlung-reisekosten-2026.pdf,True
bmf_2026_190,2026,TUNESIEN,Tunesien,,40,27,144,https://www.bundesfinanzministerium.de/Content/DE/Downloads/BMF_Schreiben/Steuerarten/Lohnsteuer/2025-12-05-steuerliche-behandlung-reisekosten-2026.pdf,True
bmf_2026_191,2026,TURKMENISTAN,Turkmenistan,,28,19,135,https://www.bundesfinanzministerium.de/Content/DE/Downloads/BMF_Schreiben/Steuerarten/Lohnsteuer/2025-12-05-steuerliche-behandlung-reisekosten-2026.pdf,True
bmf_2026_192,2026,UGANDA,Uganda,,45,30,207,https://www.bundesfinanzministerium.de/Content/DE/Downloads/BMF_Schreiben/Steuerarten/Lohnsteuer/2025-12-05-steuerliche-behandlung-reisekosten-2026.pdf,True
bmf_2026_193,2026,UKRAINE,Ukraine,,33,22,180,https://www.bundesfinanzministerium.de/Content/DE/Downloads/BMF_Schreiben/Steuerarten/Lohnsteuer/2025-12-05-steuerliche-behandlung-reisekosten-2026.pdf,True
bmf_2026_194,2026,UNGARN,Ungarn,,32,21,85,https://www.bundesfinanzministerium.de/Content/DE/Downloads/BMF_Schreiben/Steuerarten/Lohnsteuer/2025-12-05-steuerliche-behandlung-reisekosten-2026.pdf,True
bmf_2026_195,2026,URUGUAY,Uruguay,,40,27,113,https://www.bundesfinanzministerium.de/Content/DE/Downloads/BMF_Schreiben/Steuerarten/Lohnsteuer/2025-12-05-steuerliche-behandlung-reisekosten-2026.pdf,True
bmf_2026_196,2026,USBEKISTAN,Usbekistan,,32,21,133,https://www.bundesfinanzministerium.de/Content/DE/Downloads/BMF_Schreiben/Steuerarten/Lohnsteuer/2025-12-05-steuerliche-behandlung-reisekosten-2026.pdf,True
bmf_2026_197,2026,VATIKANSTAAT,Vatikanstaat,,48,32,150,https://www.bundesfinanzministerium.de/Content/DE/Downloads/BMF_Schreiben/Steuerarten/Lohnsteuer/2025-12-05-steuerliche-behandlung-reisekosten-2026.pdf,True
bmf_2026_198,2026,VENEZUELA,Venezuela,,51,34,178,https://www.bundesfinanzministerium.de/Content/DE/Downloads/BMF_Schreiben/Steuerarten/Lohnsteuer/2025-12-05-steuerliche-behandlung-reisekosten-2026.pdf,True
bmf_2026_199,2026,VEREINIGTE_ARABISCHE_EMIRATE,Vereinigte Arabische Emirate,,81,54,169,https://www.bundesfinanzministerium.de/Content/DE/Downloads/BMF_Schreiben/Steuerarten/Lohnsteuer/2025-12-05-steuerliche-behandlung-reisekosten-2026.pdf,True
bmf_2026_200,2026,VEREINIGTE_STAATEN_VON_AMERIKA_USA:ATLANTA,Vereinigte Staaten von Amerika (USA),Atlanta,77,52,182,https://www.bundesfinanzministerium.de/Content/DE/Downloads/BMF_Schreiben/Steuerarten/Lohnsteuer/2025-12-05-steuerliche-behandlung-reisekosten-2026.pdf,True
bmf_2026_201,2026,VEREINIGTE_STAATEN_VON_AMERIKA_USA:BOSTON,Vereinigte Staaten von Amerika (USA),Boston,63,42,333,https://www.bundesfinanzministerium.de/Content/DE/Downloads/BMF_Schreiben/Steuerarten/Lohnsteuer/2025-12-05-steuerliche-behandlung-reisekosten-2026.pdf,True
bmf_2026_202,2026,VEREINIGTE_STAATEN_VON_AMERIKA_USA:CHICAGO,Vereinigte Staaten von Amerika (USA),Chicago,65,44,233,https://www.bundesfinanzministerium.de/Content/DE/Downloads/BMF_Schreiben/Steuerarten/Lohnsteuer/2025-12-05-steuerliche-behandlung-reisekosten-2026.pdf,True
bmf_2026_203,2026,VEREINIGTE_STAATEN_VON_AMERIKA_USA:HOUSTON,Vereinigte Staaten von Amerika (USA),Houston,62,41,204,https://www.bundesfinanzministerium.de/Content/DE/Downloads/BMF_Schreiben/Steuerarten/Lohnsteuer/2025-12-05-steuerliche-behandlung-reisekosten-2026.pdf,True
bmf_2026_204,2026,VEREINIGTE_STAATEN_VON_AMERIKA_USA:LOS_ANGELES,Vereinigte Staaten von Amerika (USA),Los Angeles,64,43,262,https://www.bundesfinanzministerium.de/Content/DE/Downloads/BMF_Schreiben/Steuerarten/Lohnsteuer/2025-12-05-steuerliche-behandlung-reisekosten-2026.pdf,True
bmf_2026_205,2026,VEREINIGTE_STAATEN_VON_AMERIKA_USA:MIAMI,Vereinigte Staaten von Amerika (USA),Miami,65,44,256,https://www.bundesfinanzministerium.de/Content/DE/Downloads/BMF_Schreiben/Steuerarten/Lohnsteuer/2025-12-05-steuerliche-behandlung-reisekosten-2026.pdf,True
bmf_2026_206,2026,VEREINIGTE_STAATEN_VON_AMERIKA_USA:NEW_YORK_CITY,Vereinigte Staaten von Amerika (USA),New York City,66,44,308,https://www.bundesfinanzministerium.de/Content/DE/Downloads/BMF_Schreiben/Steuerarten/Lohnsteuer/2025-12-05-steuerliche-behandlung-reisekosten-2026.pdf,True
bmf_2026_207,2026,VEREINIGTE_STAATEN_VON_AMERIKA_USA:SAN_FRANCISCO,Vereinigte Staaten von Amerika (USA),San Francisco,59,40,327,https://www.bundesfinanzministerium.de/Content/DE/Downloads/BMF_Schreiben/Steuerarten/Lohnsteuer/2025-12-05-steuerliche-behandlung-reisekosten-2026.pdf,True
bmf_2026_208,2026,VEREINIGTE_STAATEN_VON_AMERIKA_USA:WASHINGTON_D_C,Vereinigte Staaten von Amerika (USA),"Washington, D. C.",66,44,203,https://www.bundesfinanzministerium.de/Content/DE/Downloads/BMF_Schreiben/Steuerarten/Lohnsteuer/2025-12-05-steuerliche-behandlung-reisekosten-2026.pdf,True
bmf_2026_209,2026,VEREINIGTE_STAATEN_VON_AMERIKA_USA,Vereinigte Staaten von Amerika (USA),im Übrigen,59,40,182,https://www.bundesfinanzministerium.de/Content/DE/Downloads/BMF_Schreiben/Steuerarten/Lohnsteuer/2025-12-05-steuerliche-behandlung-reisekosten-2026.pdf,True
bmf_2026_210,2026,VEREINIGTES_KONIGREICH_VON_GROBRITANNIEN_UND_NORDIRLAND:LONDON,Vereinigtes Königreich von Großbritannien und Nordirland,London,66,44,163,https://www.bundesfinanzministerium.de/Content/DE/Downloads/BMF_Schreiben/Steuerarten/Lohnsteuer/2025-12-05-steuerliche-behandlung-reisekosten-2026.pdf,True
bmf_2026_211,2026,VEREINIGTES_KONIGREICH_VON_GROBRITANNIEN_UND_NORDIRLAND,Vereinigtes Königreich von Großbritannien und Nordirland,im Übrigen,52,35,99,https://www.bundesfinanzministerium.de/Content/DE/Downloads/BMF_Schreiben/Steuerarten/Lohnsteuer/2025-12-05-steuerliche-behandlung-reisekosten-2026.pdf,True
bmf_2026_212,2026,VIETNAM,Vietnam,,36,24,111,https://www.bundesfinanzministerium.de/Content/DE/Downloads/BMF_Schreiben/Steuerarten/Lohnsteuer/2025-12-05-steuerliche-behandlung-reisekosten-2026.pdf,True
bmf_2026_213,2026,WEIRUSSLAND,Weißrussland,,21,14,148,https://www.bundesfinanzministerium.de/Content/DE/Downloads/BMF_Schreiben/Steuerarten/Lohnsteuer/2025-12-05-steuerliche-behandlung-reisekosten-2026.pdf,True
bmf_2026_214,2026,ZENTRALAFRIKANISCHE_REPUBLIK,Zentralafrikanische Republik,,53,36,210,https://www.bundesfinanzministerium.de/Content/DE/Downloads/BMF_Schreiben/Steuerarten/Lohnsteuer/2025-12-05-steuerliche-behandlung-reisekosten-2026.pdf,True
bmf_2026_215,2026,ZYPERN,Zypern,,42,28,125,https://www.bundesfinanzministerium.de/Content/DE/Downloads/BMF_Schreiben/Steuerarten/Lohnsteuer/2025-12-05-steuerliche-behandlung-reisekosten-2026.pdf,True
bmf_2026_216,2026,OTHER,Sonstige nicht gelistete Länder,Luxemburg-Satz,63,42,139,https://www.bundesfinanzministerium.de/Content/DE/Downloads/BMF_Schreiben/Steuerarten/Lohnsteuer/2025-12-05-steuerliche-behandlung-reisekosten-2026.pdf,True
